COMPANYCODE	SSNAME	SHAREHDNAME	SHAREHDTYPE	SHARESTYPE	RANK	SCODE	SNAME	RDATE	SHAREHDNUM	LTAG	ZB	NDATE	BZ	BDBL	SHAREHDCODE	SHAREHDRATIO	BDSUM	ZDF10	ZDF30	ZDF60,NOTICEDATE,ATTACHTYPE,ATTACHSIZE,ENDDATE,NOTICETITLE,INFOCODE,CDSY_SECUCODES,ANN_RELCOLUMNS,ANN_RELCODES,EUTIME,TABLEID,Order,Url
,2020-07-21T00:00:00+08:00,0,296.0,2020-07-21T00:00:00+08:00,*ST宝实:关于法院裁定受理公司重整暨股票被继续实施退市风险警示的公告,AN202007211393098017,"[{'SECURITYVARIETYCODE': '1000004152', 'SECURITYTYPECODE': '058001001', 'SECURITYCODE': '000595', 'SECURITYFULLNAME': '*ST宝实', 'SECURITYSHORTNAME': '*ST宝实', 'SECURITYTYPE': 'A股', 'TRADEMARKETCODE': '069001002005', 'TRADEMARKET': '深交所风险警示板', 'LISTINGSTATE': '0', 'COMPANYCODE': '10000932', 'Eid': 0}]","[{'COLUMNCODE': '001002004003004', 'COLUMNNAME': '实施退市风险警示', 'NodeName': None, 'Eid': 0, 'Order': 199}]","[{'CODETYPE': '058001001', 'CODEMARKET': '069001002005', 'SECURITYCODE': '000595', 'COMPANYCODE': None, 'Eid': 0}]",2020-07-21T12:10:28+08:00,2.070000083046263e+17,199.0,"http://data.eastmoney.com/notices/detail/000595/AN202007211393098017,KlNUJWU1JWFlJTlkJWU1JWFlJTll.html"
,2020-07-21T00:00:00+08:00,0,5137.0,2020-07-21T00:00:00+08:00,博深股份:发行股份及支付现金购买资产并募集配套资金暨关联交易报告书(修订稿),AN202007211393094586,"[{'SECURITYVARIETYCODE': '1000007926', 'SECURITYTYPECODE': '058001001', 'SECURITYCODE': '002282', 'SECURITYFULLNAME': '博深股份', 'SECURITYSHORTNAME': '博深股份', 'SECURITYTYPE': 'A股', 'TRADEMARKETCODE': '069001002003', 'TRADEMARKET': '深交所中小板', 'LISTINGSTATE': '0', 'COMPANYCODE': '80123304', 'Eid': 0}]","[{'COLUMNCODE': '001002001002007002', 'COLUMNNAME': '其他增发事项公告', 'NodeName': None, 'Eid': 0, 'Order': 153}, {'COLUMNCODE': '001002007003004', 'COLUMNNAME': '收购出售资产/股权', 'NodeName': None, 'Eid': 0, 'Order': 399}, {'COLUMNCODE': '001002007005', 'COLUMNNAME': '关联交易', 'NodeName': None, 'Eid': 0, 'Order': 999}]","[{'CODETYPE': '058001001', 'CODEMARKET': '069001002003', 'SECURITYCODE': '002282', 'COMPANYCODE': None, 'Eid': 0}, {'CODETYPE': '058001001', 'CODEMARKET': '069001002003', 'SECURITYCODE': '002282', 'COMPANYCODE': None, 'Eid': 0}, {'CODETYPE': '058001001', 'CODEMARKET': '069001002003', 'SECURITYCODE': '002282', 'COMPANYCODE': None, 'Eid': 0}]",2020-07-21T11:53:07+08:00,2.070000083045926e+17,153.0,"http://data.eastmoney.com/notices/detail/002282/AN202007211393094586,JWU1JThkJTlhJWU2JWI3JWIxJWU4JTgyJWExJWU0JWJiJWJk.html"
,2020-07-21T00:00:00+08:00,0,281.0,2020-07-21T00:00:00+08:00,博深股份:关于发行股份及支付现金购买资产并募集配套资金暨关联交易报告书的修订说明公告,AN202007211393094592,"[{'SECURITYVARIETYCODE': '1000007926', 'SECURITYTYPECODE': '058001001', 'SECURITYCODE': '002282', 'SECURITYFULLNAME': '博深股份', 'SECURITYSHORTNAME': '博深股份', 'SECURITYTYPE': 'A股', 'TRADEMARKETCODE': '069001002003', 'TRADEMARKET': '深交所中小板', 'LISTINGSTATE': '0', 'COMPANYCODE': '80123304', 'Eid': 0}]","[{'COLUMNCODE': '001002008', 'COLUMNNAME': '其他', 'NodeName': None, 'Eid': 0, 'Order': 999}]","[{'CODETYPE': '058001001', 'CODEMARKET': '069001002003', 'SECURITYCODE': '002282', 'COMPANYCODE': None, 'Eid': 0}]",2020-07-21T11:52:50+08:00,2.0700000830459264e+17,999.0,"http://data.eastmoney.com/notices/detail/002282/AN202007211393094592,JWU1JThkJTlhJWU2JWI3JWIxJWU4JTgyJWExJWU0JWJiJWJk.html"
,2020-07-21T00:00:00+08:00,0,648.0,2020-07-21T00:00:00+08:00,博深股份:发行股份及支付现金购买资产并募集配套资金暨关联交易报告书(修订稿)摘要,AN202007211393094588,"[{'SECURITYVARIETYCODE': '1000007926', 'SECURITYTYPECODE': '058001001', 'SECURITYCODE': '002282', 'SECURITYFULLNAME': '博深股份', 'SECURITYSHORTNAME': '博深股份', 'SECURITYTYPE': 'A股', 'TRADEMARKETCODE': '069001002003', 'TRADEMARKET': '深交所中小板', 'LISTINGSTATE': '0', 'COMPANYCODE': '80123304', 'Eid': 0}]","[{'COLUMNCODE': '001002001002007002', 'COLUMNNAME': '其他增发事项公告', 'NodeName': None, 'Eid': 0, 'Order': 153}, {'COLUMNCODE': '001002007003004', 'COLUMNNAME': '收购出售资产/股权', 'NodeName': None, 'Eid': 0, 'Order': 399}, {'COLUMNCODE': '001002007005', 'COLUMNNAME': '关联交易', 'NodeName': None, 'Eid': 0, 'Order': 999}]","[{'CODETYPE': '058001001', 'CODEMARKET': '069001002003', 'SECURITYCODE': '002282', 'COMPANYCODE': None, 'Eid': 0}, {'CODETYPE': '058001001', 'CODEMARKET': '069001002003', 'SECURITYCODE': '002282', 'COMPANYCODE': None, 'Eid': 0}, {'CODETYPE': '058001001', 'CODEMARKET': '069001002003', 'SECURITYCODE': '002282', 'COMPANYCODE': None, 'Eid': 0}]",2020-07-21T11:52:42+08:00,2.0700000830459264e+17,153.0,"http://data.eastmoney.com/notices/detail/002282/AN202007211393094588,JWU1JThkJTlhJWU2JWI3JWIxJWU4JTgyJWExJWU0JWJiJWJk.html"
,2020-07-21T00:00:00+08:00,0,198.0,2020-07-21T00:00:00+08:00,博深股份:关于中国证监会上市公司并购重组审核委员会审核意见的回复公告,AN202007211393094587,"[{'SECURITYVARIETYCODE': '1000007926', 'SECURITYTYPECODE': '058001001', 'SECURITYCODE': '002282', 'SECURITYFULLNAME': '博深股份', 'SECURITYSHORTNAME': '博深股份', 'SECURITYTYPE': 'A股', 'TRADEMARKETCODE': '069001002003', 'TRADEMARKET': '深交所中小板', 'LISTINGSTATE': '0', 'COMPANYCODE': '80123304', 'Eid': 0}]","[{'COLUMNCODE': '001003002001', 'COLUMNNAME': '保荐/核查意见', 'NodeName': None, 'Eid': 0, 'Order': 999}]","[{'CODETYPE': '058001001', 'CODEMARKET': '069001002003', 'SECURITYCODE': '002282', 'COMPANYCODE': None, 'Eid': 0}]",2020-07-21T11:50:23+08:00,2.0700000830459264e+17,999.0,"http://data.eastmoney.com/notices/detail/002282/AN202007211393094587,JWU1JThkJTlhJWU2JWI3JWIxJWU4JTgyJWExJWU0JWJiJWJk.html"
,2020-07-21T00:00:00+08:00,0,540.0,2020-07-21T00:00:00+08:00,博深股份:关于发行股份及支付现金购买资产并募集配套资金暨关联交易并购重组委会议审核意见的回复,AN202007211393094590,"[{'SECURITYVARIETYCODE': '1000007926', 'SECURITYTYPECODE': '058001001', 'SECURITYCODE': '002282', 'SECURITYFULLNAME': '博深股份', 'SECURITYSHORTNAME': '博深股份', 'SECURITYTYPE': 'A股', 'TRADEMARKETCODE': '069001002003', 'TRADEMARKET': '深交所中小板', 'LISTINGSTATE': '0', 'COMPANYCODE': '80123304', 'Eid': 0}]","[{'COLUMNCODE': '001003002001', 'COLUMNNAME': '保荐/核查意见', 'NodeName': None, 'Eid': 0, 'Order': 999}]","[{'CODETYPE': '058001001', 'CODEMARKET': '069001002003', 'SECURITYCODE': '002282', 'COMPANYCODE': None, 'Eid': 0}]",2020-07-21T11:50:23+08:00,2.0700000830459264e+17,999.0,"http://data.eastmoney.com/notices/detail/002282/AN202007211393094590,JWU1JThkJTlhJWU2JWI3JWIxJWU4JTgyJWExJWU0JWJiJWJk.html"
,2020-07-21T00:00:00+08:00,0,441.0,2020-07-21T00:00:00+08:00,博深股份:东方证券承销保荐有限公司关于《博深股份有限公司关于发行股份及支付现金购买资产并募集配套资金暨关联交易并购重组委会议审核意见的回复》之独立核查意见,AN202007211393094591,"[{'SECURITYVARIETYCODE': '1000007926', 'SECURITYTYPECODE': '058001001', 'SECURITYCODE': '002282', 'SECURITYFULLNAME': '博深股份', 'SECURITYSHORTNAME': '博深股份', 'SECURITYTYPE': 'A股', 'TRADEMARKETCODE': '069001002003', 'TRADEMARKET': '深交所中小板', 'LISTINGSTATE': '0', 'COMPANYCODE': '80123304', 'Eid': 0}]","[{'COLUMNCODE': '001003002001', 'COLUMNNAME': '保荐/核查意见', 'NodeName': None, 'Eid': 0, 'Order': 999}]","[{'CODETYPE': '058001001', 'CODEMARKET': '069001002003', 'SECURITYCODE': '002282', 'COMPANYCODE': None, 'Eid': 0}]",2020-07-21T11:50:23+08:00,2.0700000830459264e+17,999.0,"http://data.eastmoney.com/notices/detail/002282/AN202007211393094591,JWU1JThkJTlhJWU2JWI3JWIxJWU4JTgyJWExJWU0JWJiJWJk.html"
,2020-07-21T00:00:00+08:00,0,122.0,2020-07-21T00:00:00+08:00,先河环保:关于回购股份事项前十名股东和前十名无限售条件股东持股情况的公告,AN202007211393093721,"[{'SECURITYVARIETYCODE': '1000008209', 'SECURITYTYPECODE': '058001001', 'SECURITYCODE': '300137', 'SECURITYFULLNAME': '先河环保', 'SECURITYSHORTNAME': '先河环保', 'SECURITYTYPE': 'A股', 'TRADEMARKETCODE': '069001002002', 'TRADEMARKET': '深交所创业板', 'LISTINGSTATE': '0', 'COMPANYCODE': '80153529', 'Eid': 0}]","[{'COLUMNCODE': '001002007003009004', 'COLUMNNAME': '回购进展情况', 'NodeName': None, 'Eid': 0, 'Order': 435}]","[{'CODETYPE': '058001001', 'CODEMARKET': '069001002002', 'SECURITYCODE': '300137', 'COMPANYCODE': None, 'Eid': 0}]",2020-07-21T11:46:14+08:00,2.0700000830457306e+17,435.0,"http://data.eastmoney.com/notices/detail/300137/AN202007211393093721,JWU1JTg1JTg4JWU2JWIyJWIzJWU3JThlJWFmJWU0JWJmJTlk.html"
,2020-07-21T00:00:00+08:00,0,345.0,2020-07-21T00:00:00+08:00,英派斯:关于使用闲置自有资金进行现金管理的进展公告,AN202007211393093661,"[{'SECURITYVARIETYCODE': '1000734418', 'SECURITYTYPECODE': '058001001', 'SECURITYCODE': '002899', 'SECURITYFULLNAME': '英派斯', 'SECURITYSHORTNAME': '英派斯', 'SECURITYTYPE': 'A股', 'TRADEMARKETCODE': '069001002003', 'TRADEMARKET': '深交所中小板', 'LISTINGSTATE': '0', 'COMPANYCODE': '80509331', 'Eid': 0}]","[{'COLUMNCODE': '001002006012003', 'COLUMNNAME': '投资理财', 'NodeName': None, 'Eid': 0, 'Order': 327}]","[{'CODETYPE': '058001001', 'CODEMARKET': '069001002003', 'SECURITYCODE': '002899', 'COMPANYCODE': None, 'Eid': 0}]",2020-07-21T11:46:02+08:00,2.070000083045728e+17,327.0,"http://data.eastmoney.com/notices/detail/002899/AN202007211393093661,JWU4JThiJWIxJWU2JWI0JWJlJWU2JTk2JWFm.html"
,2020-07-21T00:00:00+08:00,0,183.0,2020-07-21T00:00:00+08:00,安洁科技:关于重庆安洁电子有限公司完成工商变更登记的公告,AN202007211393093659,"[{'SECURITYVARIETYCODE': '1000009180', 'SECURITYTYPECODE': '058001001', 'SECURITYCODE': '002635', 'SECURITYFULLNAME': '安洁科技', 'SECURITYSHORTNAME': '安洁科技', 'SECURITYTYPE': 'A股', 'TRADEMARKETCODE': '069001002003', 'TRADEMARKET': '深交所中小板', 'LISTINGSTATE': '0', 'COMPANYCODE': '80187276', 'Eid': 0}]","[{'COLUMNCODE': '001002005004', 'COLUMNNAME': '公司关联方基本资料变更', 'NodeName': None, 'Eid': 0, 'Order': 279}]","[{'CODETYPE': '058001001', 'CODEMARKET': '069001002003', 'SECURITYCODE': '002635', 'COMPANYCODE': None, 'Eid': 0}]",2020-07-21T11:45:54+08:00,2.070000083045728e+17,279.0,"http://data.eastmoney.com/notices/detail/002635/AN202007211393093659,JWU1JWFlJTg5JWU2JWI0JTgxJWU3JWE3JTkxJWU2JThhJTgw.html"
,2020-07-21T00:00:00+08:00,0,195.0,2020-07-21T00:00:00+08:00,*ST华映:关于公司股东所持部分股份被司法变卖的进展公告,AN202007211393093688,"[{'SECURITYVARIETYCODE': '1000002270', 'SECURITYTYPECODE': '058001001', 'SECURITYCODE': '000536', 'SECURITYFULLNAME': '*ST华映', 'SECURITYSHORTNAME': '*ST华映', 'SECURITYTYPE': 'A股', 'TRADEMARKETCODE': '069001002005', 'TRADEMARKET': '深交所风险警示板', 'LISTINGSTATE': '0', 'COMPANYCODE': '10000878', 'Eid': 0}]","[{'COLUMNCODE': '001002008', 'COLUMNNAME': '其他', 'NodeName': None, 'Eid': 0, 'Order': 999}]","[{'CODETYPE': '058001001', 'CODEMARKET': '069001002005', 'SECURITYCODE': '000536', 'COMPANYCODE': None, 'Eid': 0}]",2020-07-21T11:45:35+08:00,2.0700000830457283e+17,999.0,"http://data.eastmoney.com/notices/detail/000536/AN202007211393093688,KlNUJWU1JThkJThlJWU2JTk4JWEw.html"
,2020-07-21T00:00:00+08:00,0,219.0,2020-07-21T00:00:00+08:00,宇信科技:关于股东股份减持比例达到5%暨权益变动的提示性公告,AN202007211393093874,"[{'SECURITYVARIETYCODE': '1000853494', 'SECURITYTYPECODE': '058001001', 'SECURITYCODE': '300674', 'SECURITYFULLNAME': '宇信科技', 'SECURITYSHORTNAME': '宇信科技', 'SECURITYTYPE': 'A股', 'TRADEMARKETCODE': '069001002002', 'TRADEMARKET': '深交所创业板', 'LISTINGSTATE': '0', 'COMPANYCODE': '80117592', 'Eid': 0}]","[{'COLUMNCODE': '001002002005', 'COLUMNNAME': '权益变动报告书', 'NodeName': None, 'Eid': 0, 'Order': 999}, {'COLUMNCODE': '001002007004003', 'COLUMNNAME': '股东/实际控制人股份减持', 'NodeName': None, 'Eid': 0, 'Order': 445}]","[{'CODETYPE': '058001001', 'CODEMARKET': '069001002002', 'SECURITYCODE': '300674', 'COMPANYCODE': None, 'Eid': 0}, {'CODETYPE': '058001001', 'CODEMARKET': '069001002002', 'SECURITYCODE': '300674', 'COMPANYCODE': None, 'Eid': 0}]",2020-07-21T11:45:35+08:00,2.070000083045768e+17,445.0,"http://data.eastmoney.com/notices/detail/300674/AN202007211393093874,JWU1JWFlJTg3JWU0JWJmJWExJWU3JWE3JTkxJWU2JThhJTgw.html"
,2020-07-21T00:00:00+08:00,0,330.0,2020-07-21T00:00:00+08:00,宇信科技:简式权益变动报告书,AN202007211393093876,"[{'SECURITYVARIETYCODE': '1000853494', 'SECURITYTYPECODE': '058001001', 'SECURITYCODE': '300674', 'SECURITYFULLNAME': '宇信科技', 'SECURITYSHORTNAME': '宇信科技', 'SECURITYTYPE': 'A股', 'TRADEMARKETCODE': '069001002002', 'TRADEMARKET': '深交所创业板', 'LISTINGSTATE': '0', 'COMPANYCODE': '80117592', 'Eid': 0}]","[{'COLUMNCODE': '001002002005', 'COLUMNNAME': '权益变动报告书', 'NodeName': None, 'Eid': 0, 'Order': 999}]","[{'CODETYPE': '058001001', 'CODEMARKET': '069001002002', 'SECURITYCODE': '300674', 'COMPANYCODE': None, 'Eid': 0}]",2020-07-21T11:45:35+08:00,2.070000083045768e+17,999.0,"http://data.eastmoney.com/notices/detail/300674/AN202007211393093876,JWU1JWFlJTg3JWU0JWJmJWExJWU3JWE3JTkxJWU2JThhJTgw.html"
,2020-07-21T00:00:00+08:00,0,100.0,2020-07-21T00:00:00+08:00,红日药业:关于持股5%以上的股东部分股权解除司法冻结的公告,AN202007211393093719,"[{'SECURITYVARIETYCODE': '1000004431', 'SECURITYTYPECODE': '058001001', 'SECURITYCODE': '300026', 'SECURITYFULLNAME': '红日药业', 'SECURITYSHORTNAME': '红日药业', 'SECURITYTYPE': 'A股', 'TRADEMARKETCODE': '069001002002', 'TRADEMARKET': '深交所创业板', 'LISTINGSTATE': '0', 'COMPANYCODE': '80026133', 'Eid': 0}]","[{'COLUMNCODE': '001002006010', 'COLUMNNAME': '股份质押、冻结', 'NodeName': None, 'Eid': 0, 'Order': 301}]","[{'CODETYPE': '058001001', 'CODEMARKET': '069001002002', 'SECURITYCODE': '300026', 'COMPANYCODE': None, 'Eid': 0}]",2020-07-21T11:44:54+08:00,2.0700000830457306e+17,301.0,"http://data.eastmoney.com/notices/detail/300026/AN202007211393093719,JWU3JWJhJWEyJWU2JTk3JWE1JWU4JThkJWFmJWU0JWI4JTlh.html"
,2020-07-21T00:00:00+08:00,0,191.0,2020-07-21T00:00:00+08:00,嘉寓股份:关于公司二级子公司签订日常经营重大合同的公告,AN202007211393093724,"[{'SECURITYVARIETYCODE': '1000008182', 'SECURITYTYPECODE': '058001001', 'SECURITYCODE': '300117', 'SECURITYFULLNAME': '嘉寓股份', 'SECURITYSHORTNAME': '嘉寓股份', 'SECURITYTYPE': 'A股', 'TRADEMARKETCODE': '069001002002', 'TRADEMARKET': '深交所创业板', 'LISTINGSTATE': '0', 'COMPANYCODE': '80133698', 'Eid': 0}]","[{'COLUMNCODE': '001002006004', 'COLUMNNAME': '重大合同', 'NodeName': None, 'Eid': 0, 'Order': 289}]","[{'CODETYPE': '058001001', 'CODEMARKET': '069001002002', 'SECURITYCODE': '300117', 'COMPANYCODE': None, 'Eid': 0}]",2020-07-21T11:44:54+08:00,2.0700000830457306e+17,289.0,"http://data.eastmoney.com/notices/detail/300117/AN202007211393093724,JWU1JTk4JTg5JWU1JWFmJTkzJWU4JTgyJWExJWU0JWJiJWJk.html"
,2020-07-21T00:00:00+08:00,0,252.0,2020-07-21T00:00:00+08:00,中建环能:关于持股5%以上非控股股东与其一致行动人股份转让的公告,AN202007211393093720,"[{'SECURITYVARIETYCODE': '1000313716', 'SECURITYTYPECODE': '058001001', 'SECURITYCODE': '300425', 'SECURITYFULLNAME': '中建环能', 'SECURITYSHORTNAME': '中建环能', 'SECURITYTYPE': 'A股', 'TRADEMARKETCODE': '069001002002', 'TRADEMARKET': '深交所创业板', 'LISTINGSTATE': '0', 'COMPANYCODE': '80200104', 'Eid': 0}]","[{'COLUMNCODE': '001002007003005', 'COLUMNNAME': '股权转让', 'NodeName': None, 'Eid': 0, 'Order': 401}]","[{'CODETYPE': '058001001', 'CODEMARKET': '069001002002', 'SECURITYCODE': '300425', 'COMPANYCODE': None, 'Eid': 0}]",2020-07-21T11:44:54+08:00,2.0700000830457306e+17,401.0,"http://data.eastmoney.com/notices/detail/300425/AN202007211393093720,JWU0JWI4JWFkJWU1JWJiJWJhJWU3JThlJWFmJWU4JTgzJWJk.html"
,2020-07-21T00:00:00+08:00,0,142.0,2020-07-21T00:00:00+08:00,联得装备:关于收到《关于深圳市联得自动化装备股份有限公司申请向特定对象发行股票的审核问询函》的公告,AN202007211393093723,"[{'SECURITYVARIETYCODE': '1000322051', 'SECURITYTYPECODE': '058001001', 'SECURITYCODE': '300545', 'SECURITYFULLNAME': '联得装备', 'SECURITYSHORTNAME': '联得装备', 'SECURITYTYPE': 'A股', 'TRADEMARKETCODE': '069001002002', 'TRADEMARKET': '深交所创业板', 'LISTINGSTATE': '0', 'COMPANYCODE': '80319562', 'Eid': 0}]","[{'COLUMNCODE': '001002011001001', 'COLUMNNAME': '收到问询函公告', 'NodeName': None, 'Eid': 0, 'Order': 999}]","[{'CODETYPE': '058001001', 'CODEMARKET': '069001002002', 'SECURITYCODE': '300545', 'COMPANYCODE': None, 'Eid': 0}]",2020-07-21T11:44:54+08:00,2.0700000830457306e+17,999.0,"http://data.eastmoney.com/notices/detail/300545/AN202007211393093723,JWU4JTgxJTk0JWU1JWJlJTk3JWU4JWEzJTg1JWU1JWE0JTg3.html"
,2020-07-21T00:00:00+08:00,0,585.0,2020-07-21T00:00:00+08:00,农尚环境:关于对深圳证券交易所关注函回复的公告,AN202007211393093725,"[{'SECURITYVARIETYCODE': '1000304605', 'SECURITYTYPECODE': '058001001', 'SECURITYCODE': '300536', 'SECURITYFULLNAME': '农尚环境', 'SECURITYSHORTNAME': '农尚环境', 'SECURITYTYPE': 'A股', 'TRADEMARKETCODE': '069001002002', 'TRADEMARKET': '深交所创业板', 'LISTINGSTATE': '0', 'COMPANYCODE': '80357708', 'Eid': 0}]","[{'COLUMNCODE': '001002011002002', 'COLUMNNAME': '回复关注函公告', 'NodeName': None, 'Eid': 0, 'Order': 999}]","[{'CODETYPE': '058001001', 'CODEMARKET': '069001002002', 'SECURITYCODE': '300536', 'COMPANYCODE': None, 'Eid': 0}]",2020-07-21T11:44:54+08:00,2.0700000830457306e+17,999.0,"http://data.eastmoney.com/notices/detail/300536/AN202007211393093725,JWU1JTg2JTljJWU1JWIwJTlhJWU3JThlJWFmJWU1JWEyJTgz.html"
,2020-07-21T00:00:00+08:00,0,175.0,2020-07-21T00:00:00+08:00,先河环保:回购报告书,AN202007211393093722,"[{'SECURITYVARIETYCODE': '1000008209', 'SECURITYTYPECODE': '058001001', 'SECURITYCODE': '300137', 'SECURITYFULLNAME': '先河环保', 'SECURITYSHORTNAME': '先河环保', 'SECURITYTYPE': 'A股', 'TRADEMARKETCODE': '069001002002', 'TRADEMARKET': '深交所创业板', 'LISTINGSTATE': '0', 'COMPANYCODE': '80153529', 'Eid': 0}]","[{'COLUMNCODE': '001002007003009002001', 'COLUMNNAME': '回购报告书', 'NodeName': None, 'Eid': 0, 'Order': 425}]","[{'CODETYPE': '058001001', 'CODEMARKET': '069001002002', 'SECURITYCODE': '300137', 'COMPANYCODE': None, 'Eid': 0}]",2020-07-21T11:44:54+08:00,2.0700000830457306e+17,425.0,"http://data.eastmoney.com/notices/detail/300137/AN202007211393093722,JWU1JTg1JTg4JWU2JWIyJWIzJWU3JThlJWFmJWU0JWJmJTlk.html"
,2020-07-21T00:00:00+08:00,0,318.0,2020-07-21T00:00:00+08:00,皖能电力:关于召开2020年第一次临时股东大会的提示性公告,AN202007211393093687,"[{'SECURITYVARIETYCODE': '1000002307', 'SECURITYTYPECODE': '058001001', 'SECURITYCODE': '000543', 'SECURITYFULLNAME': '皖能电力', 'SECURITYSHORTNAME': '皖能电力', 'SECURITYTYPE': 'A股', 'TRADEMARKETCODE': '069001002001', 'TRADEMARKET': '深交所主板', 'LISTINGSTATE': '0', 'COMPANYCODE': '10000885', 'Eid': 0}]","[{'COLUMNCODE': '001002003001003', 'COLUMNNAME': '召开股东大会提示性公告', 'NodeName': None, 'Eid': 0, 'Order': 999}]","[{'CODETYPE': '058001001', 'CODEMARKET': '069001002001', 'SECURITYCODE': '000543', 'COMPANYCODE': None, 'Eid': 0}]",2020-07-21T11:44:29+08:00,2.0700000830457283e+17,999.0,"http://data.eastmoney.com/notices/detail/000543/AN202007211393093687,JWU3JTlhJTk2JWU4JTgzJWJkJWU3JTk0JWI1JWU1JThhJTli.html"
,2020-07-21T00:00:00+08:00,0,149.0,2020-07-21T00:00:00+08:00,恩捷股份:关于非公开发行股票申请获得中国证监会核准批复的公告,AN202007211393093660,"[{'SECURITYVARIETYCODE': '1000320079', 'SECURITYTYPECODE': '058001001', 'SECURITYCODE': '002812', 'SECURITYFULLNAME': '恩捷股份', 'SECURITYSHORTNAME': '恩捷股份', 'SECURITYTYPE': 'A股', 'TRADEMARKETCODE': '069001002003', 'TRADEMARKET': '深交所中小板', 'LISTINGSTATE': '0', 'COMPANYCODE': '80187554', 'Eid': 0}]","[{'COLUMNCODE': '001002001002001004', 'COLUMNNAME': '增发获准公告', 'NodeName': None, 'Eid': 0, 'Order': 113}]","[{'CODETYPE': '058001001', 'CODEMARKET': '069001002003', 'SECURITYCODE': '002812', 'COMPANYCODE': None, 'Eid': 0}]",2020-07-21T11:44:29+08:00,2.070000083045728e+17,113.0,"http://data.eastmoney.com/notices/detail/002812/AN202007211393093660,JWU2JTgxJWE5JWU2JThkJWI3JWU4JTgyJWExJWU0JWJiJWJk.html"
,2020-07-21T00:00:00+08:00,0,343.0,2020-07-21T00:00:00+08:00,富煌钢构:关于与中铁大桥局有限公司签订《战略合作协议》的公告,AN202007211393093662,"[{'SECURITYVARIETYCODE': '1000011657', 'SECURITYTYPECODE': '058001001', 'SECURITYCODE': '002743', 'SECURITYFULLNAME': '富煌钢构', 'SECURITYSHORTNAME': '富煌钢构', 'SECURITYTYPE': 'A股', 'TRADEMARKETCODE': '069001002003', 'TRADEMARKET': '深交所中小板', 'LISTINGSTATE': '0', 'COMPANYCODE': '80071791', 'Eid': 0}]","[{'COLUMNCODE': '001002006005', 'COLUMNNAME': '签订协议', 'NodeName': None, 'Eid': 0, 'Order': 291}]","[{'CODETYPE': '058001001', 'CODEMARKET': '069001002003', 'SECURITYCODE': '002743', 'COMPANYCODE': None, 'Eid': 0}]",2020-07-21T11:44:29+08:00,2.070000083045728e+17,291.0,"http://data.eastmoney.com/notices/detail/002743/AN202007211393093662,JWU1JWFmJThjJWU3JTg1JThjJWU5JTkyJWEyJWU2JTllJTg0.html"
,2020-07-21T00:00:00+08:00,0,114.0,2020-07-21T00:00:00+08:00,创意信息:关于子公司中标侯选人公示结束的提示性公告,AN202007211393051223,"[{'SECURITYVARIETYCODE': '1000011554', 'SECURITYTYPECODE': '058001001', 'SECURITYCODE': '300366', 'SECURITYFULLNAME': '创意信息', 'SECURITYSHORTNAME': '创意信息', 'SECURITYTYPE': 'A股', 'TRADEMARKETCODE': '069001002002', 'TRADEMARKET': '深交所创业板', 'LISTINGSTATE': '0', 'COMPANYCODE': '80171552', 'Eid': 0}]","[{'COLUMNCODE': '001002008', 'COLUMNNAME': '其他', 'NodeName': None, 'Eid': 0, 'Order': 999}]","[{'CODETYPE': '058001001', 'CODEMARKET': '069001002002', 'SECURITYCODE': '300366', 'COMPANYCODE': None, 'Eid': 0}]",2020-07-21T11:05:50+08:00,2.0700000830348627e+17,999.0,"http://data.eastmoney.com/notices/detail/300366/AN202007211393051223,JWU1JTg4JTliJWU2JTg0JThmJWU0JWJmJWExJWU2JTgxJWFm.html"
,2020-07-21T00:00:00+08:00,0,4276.0,2020-07-21T00:00:00+08:00,金融街:2020年面向专业投资者公开发行公司债券(第一期)募集说明书摘要,AN202007211393071841,"[{'SECURITYVARIETYCODE': '1000002051', 'SECURITYTYPECODE': '058001001', 'SECURITYCODE': '000402', 'SECURITYFULLNAME': '金融街', 'SECURITYSHORTNAME': '金融街', 'SECURITYTYPE': 'A股', 'TRADEMARKETCODE': '069001002001', 'TRADEMARKET': '深交所主板', 'LISTINGSTATE': '0', 'COMPANYCODE': '10000675', 'Eid': 0}, {'SECURITYVARIETYCODE': '1002312071', 'SECURITYTYPECODE': '060', 'SECURITYCODE': '149174', 'SECURITYFULLNAME': '金融街控股股份有限公司2020年面向专业投资者公开发行公司债券(第一期)', 'SECURITYSHORTNAME': '20金街01', 'SECURITYTYPE': '债券', 'TRADEMARKETCODE': '069001002', 'TRADEMARKET': '深圳证券交易所', 'LISTINGSTATE': '9', 'COMPANYCODE': '10000675', 'Eid': 0}]","[{'COLUMNCODE': '001002008', 'COLUMNNAME': '其他', 'NodeName': None, 'Eid': 0, 'Order': 999}, {'COLUMNCODE': '003006001', 'COLUMNNAME': '募集公告', 'NodeName': None, 'Eid': 0, 'Order': 999}]","[{'CODETYPE': '058001001', 'CODEMARKET': '069001002001', 'SECURITYCODE': '000402', 'COMPANYCODE': None, 'Eid': 0}, {'CODETYPE': '060', 'CODEMARKET': '069001002', 'SECURITYCODE': '149174', 'COMPANYCODE': None, 'Eid': 0}, {'CODETYPE': '058001001', 'CODEMARKET': '069001002001', 'SECURITYCODE': '000402', 'COMPANYCODE': None, 'Eid': 0}, {'CODETYPE': '060', 'CODEMARKET': '069001002', 'SECURITYCODE': '149174', 'COMPANYCODE': None, 'Eid': 0}]",2020-07-21T11:04:44+08:00,2.070000083042471e+17,999.0,"http://data.eastmoney.com/notices/detail/000402/AN202007211393071841,JWU5JTg3JTkxJWU4JTllJThkJWU4JWExJTk3.html"
,2020-07-21T00:00:00+08:00,0,17479.0,2020-07-21T00:00:00+08:00,金融街:2020年面向专业投资者公开发行公司债券(第一期)募集说明书,AN202007211393071842,"[{'SECURITYVARIETYCODE': '1000002051', 'SECURITYTYPECODE': '058001001', 'SECURITYCODE': '000402', 'SECURITYFULLNAME': '金融街', 'SECURITYSHORTNAME': '金融街', 'SECURITYTYPE': 'A股', 'TRADEMARKETCODE': '069001002001', 'TRADEMARKET': '深交所主板', 'LISTINGSTATE': '0', 'COMPANYCODE': '10000675', 'Eid': 0}, {'SECURITYVARIETYCODE': '1002312071', 'SECURITYTYPECODE': '060', 'SECURITYCODE': '149174', 'SECURITYFULLNAME': '金融街控股股份有限公司2020年面向专业投资者公开发行公司债券(第一期)', 'SECURITYSHORTNAME': '20金街01', 'SECURITYTYPE': '债券', 'TRADEMARKETCODE': '069001002', 'TRADEMARKET': '深圳证券交易所', 'LISTINGSTATE': '9', 'COMPANYCODE': '10000675', 'Eid': 0}]","[{'COLUMNCODE': '001002008', 'COLUMNNAME': '其他', 'NodeName': None, 'Eid': 0, 'Order': 999}, {'COLUMNCODE': '003006001', 'COLUMNNAME': '募集公告', 'NodeName': None, 'Eid': 0, 'Order': 999}]","[{'CODETYPE': '058001001', 'CODEMARKET': '069001002001', 'SECURITYCODE': '000402', 'COMPANYCODE': None, 'Eid': 0}, {'CODETYPE': '060', 'CODEMARKET': '069001002', 'SECURITYCODE': '149174', 'COMPANYCODE': None, 'Eid': 0}, {'CODETYPE': '058001001', 'CODEMARKET': '069001002001', 'SECURITYCODE': '000402', 'COMPANYCODE': None, 'Eid': 0}, {'CODETYPE': '060', 'CODEMARKET': '069001002', 'SECURITYCODE': '149174', 'COMPANYCODE': None, 'Eid': 0}]",2020-07-21T11:03:11+08:00,2.070000083042471e+17,999.0,"http://data.eastmoney.com/notices/detail/000402/AN202007211393071842,JWU5JTg3JTkxJWU4JTllJThkJWU4JWExJTk3.html"
,2020-07-21T00:00:00+08:00,0,156.0,2020-07-21T00:00:00+08:00,亿利达:2020年第一次临时股东大会决议公告,AN202007201392970302,"[{'SECURITYVARIETYCODE': '1000009321', 'SECURITYTYPECODE': '058001001', 'SECURITYCODE': '002686', 'SECURITYFULLNAME': '亿利达', 'SECURITYSHORTNAME': '亿利达', 'SECURITYTYPE': 'A股', 'TRADEMARKETCODE': '069001002003', 'TRADEMARKET': '深交所中小板', 'LISTINGSTATE': '0', 'COMPANYCODE': '80133642', 'Eid': 0}]","[{'COLUMNCODE': '001002003003', 'COLUMNNAME': '股东大会决议公告', 'NodeName': None, 'Eid': 0, 'Order': 999}, {'COLUMNCODE': '001002001002001001', 'COLUMNNAME': '增发预案', 'NodeName': None, 'Eid': 0, 'Order': 107}]","[{'CODETYPE': '058001001', 'CODEMARKET': '069001002003', 'SECURITYCODE': '002686', 'COMPANYCODE': None, 'Eid': 0}, {'CODETYPE': '058001001', 'CODEMARKET': '069001002003', 'SECURITYCODE': '002686', 'COMPANYCODE': None, 'Eid': 0}]",2020-07-21T10:02:42+08:00,2.070000083016021e+17,107.0,"http://data.eastmoney.com/notices/detail/002686/AN202007201392970302,JWU0JWJhJWJmJWU1JTg4JWE5JWU4JWJlJWJl.html"
,2020-07-21T00:00:00+08:00,0,346.0,2020-07-21T00:00:00+08:00,双林生物:2020年第四次临时股东大会决议公告,AN202007201392970992,"[{'SECURITYVARIETYCODE': '1000002052', 'SECURITYTYPECODE': '058001001', 'SECURITYCODE': '000403', 'SECURITYFULLNAME': '双林生物', 'SECURITYSHORTNAME': '双林生物', 'SECURITYTYPE': 'A股', 'TRADEMARKETCODE': '069001002001', 'TRADEMARKET': '深交所主板', 'LISTINGSTATE': '0', 'COMPANYCODE': '10000676', 'Eid': 0}]","[{'COLUMNCODE': '001002003003', 'COLUMNNAME': '股东大会决议公告', 'NodeName': None, 'Eid': 0, 'Order': 999}]","[{'CODETYPE': '058001001', 'CODEMARKET': '069001002001', 'SECURITYCODE': '000403', 'COMPANYCODE': None, 'Eid': 0}]",2020-07-21T10:02:32+08:00,2.070000083016112e+17,999.0,"http://data.eastmoney.com/notices/detail/000403/AN202007201392970992,JWU1JThmJThjJWU2JTllJTk3JWU3JTk0JTlmJWU3JTg5JWE5.html"
,2020-07-21T00:00:00+08:00,0,262.0,2020-07-21T00:00:00+08:00,ST云网:2020年第一次临时股东大会决议公告,AN202007201392971097,"[{'SECURITYVARIETYCODE': '1000008302', 'SECURITYTYPECODE': '058001001', 'SECURITYCODE': '002306', 'SECURITYFULLNAME': 'ST云网', 'SECURITYSHORTNAME': 'ST云网', 'SECURITYTYPE': 'A股', 'TRADEMARKETCODE': '069001002005', 'TRADEMARKET': '深交所风险警示板', 'LISTINGSTATE': '0', 'COMPANYCODE': '80024432', 'Eid': 0}]","[{'COLUMNCODE': '001002003003', 'COLUMNNAME': '股东大会决议公告', 'NodeName': None, 'Eid': 0, 'Order': 999}]","[{'CODETYPE': '058001001', 'CODEMARKET': '069001002005', 'SECURITYCODE': '002306', 'COMPANYCODE': None, 'Eid': 0}]",2020-07-21T10:02:20+08:00,2.0700000830161178e+17,999.0,"http://data.eastmoney.com/notices/detail/002306/AN202007201392971097,U1QlZTQlYmElOTElZTclYmQlOTE=.html"
,2020-07-21T00:00:00+08:00,0,9565.0,2020-07-21T00:00:00+08:00,金融街:2020年面向专业投资者公开发行公司债券(第一期)信用评级报告,AN202007211393071839,"[{'SECURITYVARIETYCODE': '1000002051', 'SECURITYTYPECODE': '058001001', 'SECURITYCODE': '000402', 'SECURITYFULLNAME': '金融街', 'SECURITYSHORTNAME': '金融街', 'SECURITYTYPE': 'A股', 'TRADEMARKETCODE': '069001002001', 'TRADEMARKET': '深交所主板', 'LISTINGSTATE': '0', 'COMPANYCODE': '10000675', 'Eid': 0}, {'SECURITYVARIETYCODE': '1002312071', 'SECURITYTYPECODE': '060', 'SECURITYCODE': '149174', 'SECURITYFULLNAME': '金融街控股股份有限公司2020年面向专业投资者公开发行公司债券(第一期)', 'SECURITYSHORTNAME': '20金街01', 'SECURITYTYPE': '债券', 'TRADEMARKETCODE': '069001002', 'TRADEMARKET': '深圳证券交易所', 'LISTINGSTATE': '9', 'COMPANYCODE': '10000675', 'Eid': 0}]","[{'COLUMNCODE': '001002008', 'COLUMNNAME': '其他', 'NodeName': None, 'Eid': 0, 'Order': 999}, {'COLUMNCODE': '003009001', 'COLUMNNAME': '信用级别变动', 'NodeName': None, 'Eid': 0, 'Order': 999}]","[{'CODETYPE': '058001001', 'CODEMARKET': '069001002001', 'SECURITYCODE': '000402', 'COMPANYCODE': None, 'Eid': 0}, {'CODETYPE': '060', 'CODEMARKET': '069001002', 'SECURITYCODE': '149174', 'COMPANYCODE': None, 'Eid': 0}, {'CODETYPE': '058001001', 'CODEMARKET': '069001002001', 'SECURITYCODE': '000402', 'COMPANYCODE': None, 'Eid': 0}, {'CODETYPE': '060', 'CODEMARKET': '069001002', 'SECURITYCODE': '149174', 'COMPANYCODE': None, 'Eid': 0}]",2020-07-21T10:00:14+08:00,2.070000083042471e+17,999.0,"http://data.eastmoney.com/notices/detail/000402/AN202007211393071839,JWU5JTg3JTkxJWU4JTllJThkJWU4JWExJTk3.html"
,2020-07-21T00:00:00+08:00,0,1025.0,2020-07-21T00:00:00+08:00,金融街:2020年面向专业投资者公开发行公司债券(第一期)发行公告,AN202007211393071840,"[{'SECURITYVARIETYCODE': '1000002051', 'SECURITYTYPECODE': '058001001', 'SECURITYCODE': '000402', 'SECURITYFULLNAME': '金融街', 'SECURITYSHORTNAME': '金融街', 'SECURITYTYPE': 'A股', 'TRADEMARKETCODE': '069001002001', 'TRADEMARKET': '深交所主板', 'LISTINGSTATE': '0', 'COMPANYCODE': '10000675', 'Eid': 0}, {'SECURITYVARIETYCODE': '1002312071', 'SECURITYTYPECODE': '060', 'SECURITYCODE': '149174', 'SECURITYFULLNAME': '金融街控股股份有限公司2020年面向专业投资者公开发行公司债券(第一期)', 'SECURITYSHORTNAME': '20金街01', 'SECURITYTYPE': '债券', 'TRADEMARKETCODE': '069001002', 'TRADEMARKET': '深圳证券交易所', 'LISTINGSTATE': '9', 'COMPANYCODE': '10000675', 'Eid': 0}]","[{'COLUMNCODE': '001002008', 'COLUMNNAME': '其他', 'NodeName': None, 'Eid': 0, 'Order': 999}, {'COLUMNCODE': '003006002', 'COLUMNNAME': '发行公告', 'NodeName': None, 'Eid': 0, 'Order': 999}]","[{'CODETYPE': '058001001', 'CODEMARKET': '069001002001', 'SECURITYCODE': '000402', 'COMPANYCODE': None, 'Eid': 0}, {'CODETYPE': '060', 'CODEMARKET': '069001002', 'SECURITYCODE': '149174', 'COMPANYCODE': None, 'Eid': 0}, {'CODETYPE': '058001001', 'CODEMARKET': '069001002001', 'SECURITYCODE': '000402', 'COMPANYCODE': None, 'Eid': 0}, {'CODETYPE': '060', 'CODEMARKET': '069001002', 'SECURITYCODE': '149174', 'COMPANYCODE': None, 'Eid': 0}]",2020-07-21T09:59:26+08:00,2.070000083042471e+17,999.0,"http://data.eastmoney.com/notices/detail/000402/AN202007211393071840,JWU5JTg3JTkxJWU4JTllJThkJWU4JWExJTk3.html"
,2020-07-21T00:00:00+08:00,0,124.0,2020-07-21T00:00:00+08:00,深圳能源:关于2020年上半年生产经营情况的自愿性信息披露公告,AN202007201392952171,"[{'SECURITYVARIETYCODE': '1000000200', 'SECURITYTYPECODE': '058001001', 'SECURITYCODE': '000027', 'SECURITYFULLNAME': '深圳能源', 'SECURITYSHORTNAME': '深圳能源', 'SECURITYTYPE': 'A股', 'TRADEMARKETCODE': '069001002001', 'TRADEMARKET': '深交所主板', 'LISTINGSTATE': '0', 'COMPANYCODE': '10000616', 'Eid': 0}]","[{'COLUMNCODE': '001002004013', 'COLUMNNAME': '月度经营情况', 'NodeName': None, 'Eid': 0, 'Order': 239}]","[{'CODETYPE': '058001001', 'CODEMARKET': '069001002001', 'SECURITYCODE': '000027', 'COMPANYCODE': None, 'Eid': 0}]",2020-07-21T09:38:11+08:00,2.0700000830133952e+17,239.0,"http://data.eastmoney.com/notices/detail/000027/AN202007201392952171,JWU2JWI3JWIxJWU1JTljJWIzJWU4JTgzJWJkJWU2JWJhJTkw.html"
,2020-07-21T00:00:00+08:00,0,63.0,2020-07-21T00:00:00+08:00,正元智慧:董事会关于本次交易不构成重组上市的说明,AN202007201392947467,"[{'SECURITYVARIETYCODE': '1000506178', 'SECURITYTYPECODE': '058001001', 'SECURITYCODE': '300645', 'SECURITYFULLNAME': '正元智慧', 'SECURITYSHORTNAME': '正元智慧', 'SECURITYTYPE': 'A股', 'TRADEMARKETCODE': '069001002002', 'TRADEMARKET': '深交所创业板', 'LISTINGSTATE': '0', 'COMPANYCODE': '80439303', 'Eid': 0}]","[{'COLUMNCODE': '001003001001003', 'COLUMNNAME': '专项说明/独立意见', 'NodeName': None, 'Eid': 0, 'Order': 999}]","[{'CODETYPE': '058001001', 'CODEMARKET': '069001002002', 'SECURITYCODE': '300645', 'COMPANYCODE': None, 'Eid': 0}]",2020-07-21T09:29:34+08:00,2.070000083002299e+17,999.0,"http://data.eastmoney.com/notices/detail/300645/AN202007201392947467,JWU2JWFkJWEzJWU1JTg1JTgzJWU2JTk5JWJhJWU2JTg1JWE3.html"
,2020-07-21T00:00:00+08:00,0,195.0,2020-07-21T00:00:00+08:00,601088:中国神华2020年6月份主要运营数据公告,AN202007201392938193,"[{'SECURITYVARIETYCODE': '1000010134', 'SECURITYTYPECODE': '058001001', 'SECURITYCODE': '601088', 'SECURITYFULLNAME': '中国神华', 'SECURITYSHORTNAME': '中国神华', 'SECURITYTYPE': 'A股', 'TRADEMARKETCODE': '069001001001', 'TRADEMARKET': '上交所主板', 'LISTINGSTATE': '0', 'COMPANYCODE': '80021896', 'Eid': 0}, {'SECURITYVARIETYCODE': '1000145363', 'SECURITYTYPECODE': '058001003001', 'SECURITYCODE': '01088', 'SECURITYFULLNAME': '中国神华', 'SECURITYSHORTNAME': '中国神华', 'SECURITYTYPE': 'H股', 'TRADEMARKETCODE': '069002004001', 'TRADEMARKET': '香港交易所主板', 'LISTINGSTATE': '0', 'COMPANYCODE': '80021896', 'Eid': 0}]","[{'COLUMNCODE': '001002004013', 'COLUMNNAME': '月度经营情况', 'NodeName': None, 'Eid': 0, 'Order': 239}]","[{'CODETYPE': '058001001', 'CODEMARKET': '069001001001', 'SECURITYCODE': '601088', 'COMPANYCODE': None, 'Eid': 0}, {'CODETYPE': '058001003001', 'CODEMARKET': '069002004001', 'SECURITYCODE': '01088', 'COMPANYCODE': None, 'Eid': 0}]",2020-07-21T09:28:20+08:00,2.0700000829982803e+17,239.0,"http://data.eastmoney.com/notices/detail/601088/AN202007201392938193,JWU0JWI4JWFkJWU1JTliJWJkJWU3JWE1JTllJWU1JThkJThl.html"
,2020-07-21T00:00:00+08:00,5,1.0,2020-07-21T00:00:00+08:00,关于无锡德林海环保科技股份有限公司人民币普通股股票科创板上市交易的公告,AN202007211393063873,"[{'SECURITYVARIETYCODE': '1001878438', 'SECURITYTYPECODE': '058001001', 'SECURITYCODE': '688069', 'SECURITYFULLNAME': '德林海', 'SECURITYSHORTNAME': '德林海', 'SECURITYTYPE': 'A股', 'TRADEMARKETCODE': '069001001006', 'TRADEMARKET': '上交所科创板', 'LISTINGSTATE': '9', 'COMPANYCODE': '80994723', 'Eid': 0}]","[{'COLUMNCODE': '001002001001008001', 'COLUMNNAME': '首发提示性公告', 'NodeName': None, 'Eid': 0, 'Order': 97}, {'COLUMNCODE': '010002001', 'COLUMNNAME': '上证所上市退市公告', 'NodeName': None, 'Eid': 0, 'Order': 999}]","[{'CODETYPE': '058001001', 'CODEMARKET': '069001001006', 'SECURITYCODE': '688069', 'COMPANYCODE': None, 'Eid': 0}, {'CODETYPE': '058001001', 'CODEMARKET': '069001001006', 'SECURITYCODE': '688069', 'COMPANYCODE': None, 'Eid': 0}]",2020-07-21T09:11:10+08:00,2.070000083041403e+17,97.0,"http://data.eastmoney.com/notices/detail/688069/AN202007211393063873,JWU1JWJlJWI3JWU2JTllJTk3JWU2JWI1JWI3.html"
,2020-07-21T00:00:00+08:00,0,123.0,2020-07-21T00:00:00+08:00,关于安徽大地熊新材料股份有限公司人民币普通股股票科创板上市交易的公告,AN202007211393063876,"[{'SECURITYVARIETYCODE': '1001006359', 'SECURITYTYPECODE': '058001001', 'SECURITYCODE': '688077', 'SECURITYFULLNAME': '大地熊', 'SECURITYSHORTNAME': '大地熊', 'SECURITYTYPE': 'A股', 'TRADEMARKETCODE': '069001001006', 'TRADEMARKET': '上交所科创板', 'LISTINGSTATE': '9', 'COMPANYCODE': '80643034', 'Eid': 0}]","[{'COLUMNCODE': '001002001001008001', 'COLUMNNAME': '首发提示性公告', 'NodeName': None, 'Eid': 0, 'Order': 97}, {'COLUMNCODE': '010002001', 'COLUMNNAME': '上证所上市退市公告', 'NodeName': None, 'Eid': 0, 'Order': 999}]","[{'CODETYPE': '058001001', 'CODEMARKET': '069001001006', 'SECURITYCODE': '688077', 'COMPANYCODE': None, 'Eid': 0}, {'CODETYPE': '058001001', 'CODEMARKET': '069001001006', 'SECURITYCODE': '688077', 'COMPANYCODE': None, 'Eid': 0}]",2020-07-21T09:10:50+08:00,2.070000083041403e+17,97.0,"http://data.eastmoney.com/notices/detail/688077/AN202007211393063876,JWU1JWE0JWE3JWU1JTljJWIwJWU3JTg2JThh.html"
,2020-07-21T00:00:00+08:00,5,1.0,2020-07-21T00:00:00+08:00,关于深圳市力合微电子股份有限公司人民币普通股股票科创板上市交易的公告,AN202007211393063982,"[{'SECURITYVARIETYCODE': '1000576695', 'SECURITYTYPECODE': '058001001', 'SECURITYCODE': '688589', 'SECURITYFULLNAME': '力合微', 'SECURITYSHORTNAME': '力合微', 'SECURITYTYPE': 'A股', 'TRADEMARKETCODE': '069001001006', 'TRADEMARKET': '上交所科创板', 'LISTINGSTATE': '9', 'COMPANYCODE': '80463392', 'Eid': 0}]","[{'COLUMNCODE': '001002001001008001', 'COLUMNNAME': '首发提示性公告', 'NodeName': None, 'Eid': 0, 'Order': 97}, {'COLUMNCODE': '010002001', 'COLUMNNAME': '上证所上市退市公告', 'NodeName': None, 'Eid': 0, 'Order': 999}]","[{'CODETYPE': '058001001', 'CODEMARKET': '069001001006', 'SECURITYCODE': '688589', 'COMPANYCODE': None, 'Eid': 0}, {'CODETYPE': '058001001', 'CODEMARKET': '069001001006', 'SECURITYCODE': '688589', 'COMPANYCODE': None, 'Eid': 0}]",2020-07-21T09:10:10+08:00,2.0700000830414032e+17,97.0,"http://data.eastmoney.com/notices/detail/688589/AN202007211393063982,JWU1JThhJTliJWU1JTkwJTg4JWU1JWJlJWFl.html"
,2020-07-21T00:00:00+08:00,5,1.0,2020-07-21T00:00:00+08:00,关于深圳震有科技股份有限公司人民币普通股股票科创板上市交易的公告,AN202007211393063983,"[{'SECURITYVARIETYCODE': '1001042704', 'SECURITYTYPECODE': '058001001', 'SECURITYCODE': '688418', 'SECURITYFULLNAME': '震有科技', 'SECURITYSHORTNAME': '震有科技', 'SECURITYTYPE': 'A股', 'TRADEMARKETCODE': '069001001006', 'TRADEMARKET': '上交所科创板', 'LISTINGSTATE': '9', 'COMPANYCODE': '80662788', 'Eid': 0}]","[{'COLUMNCODE': '001002001001008001', 'COLUMNNAME': '首发提示性公告', 'NodeName': None, 'Eid': 0, 'Order': 97}, {'COLUMNCODE': '010002001', 'COLUMNNAME': '上证所上市退市公告', 'NodeName': None, 'Eid': 0, 'Order': 999}]","[{'CODETYPE': '058001001', 'CODEMARKET': '069001001006', 'SECURITYCODE': '688418', 'COMPANYCODE': None, 'Eid': 0}, {'CODETYPE': '058001001', 'CODEMARKET': '069001001006', 'SECURITYCODE': '688418', 'COMPANYCODE': None, 'Eid': 0}]",2020-07-21T09:03:07+08:00,2.0700000830414035e+17,97.0,"http://data.eastmoney.com/notices/detail/688418/AN202007211393063983,JWU5JTljJTg3JWU2JTljJTg5JWU3JWE3JTkxJWU2JThhJTgw.html"
,2020-07-21T00:00:00+08:00,5,1.0,2020-07-21T00:00:00+08:00,关于奇安信科技集团股份有限公司人民币普通股股票科创板上市交易的公告,AN202007211393063872,"[{'SECURITYVARIETYCODE': '1002232059', 'SECURITYTYPECODE': '058001001', 'SECURITYCODE': '688561', 'SECURITYFULLNAME': '奇安信', 'SECURITYSHORTNAME': '奇安信', 'SECURITYTYPE': 'A股', 'TRADEMARKETCODE': '069001001006', 'TRADEMARKET': '上交所科创板', 'LISTINGSTATE': '9', 'COMPANYCODE': '80480555', 'Eid': 0}]","[{'COLUMNCODE': '001002001001008001', 'COLUMNNAME': '首发提示性公告', 'NodeName': None, 'Eid': 0, 'Order': 97}, {'COLUMNCODE': '010002001', 'COLUMNNAME': '上证所上市退市公告', 'NodeName': None, 'Eid': 0, 'Order': 999}]","[{'CODETYPE': '058001001', 'CODEMARKET': '069001001006', 'SECURITYCODE': '688561', 'COMPANYCODE': None, 'Eid': 0}, {'CODETYPE': '058001001', 'CODEMARKET': '069001001006', 'SECURITYCODE': '688561', 'COMPANYCODE': None, 'Eid': 0}]",2020-07-21T09:02:19+08:00,2.070000083041403e+17,97.0,"http://data.eastmoney.com/notices/detail/688561/AN202007211393063872,JWU1JWE1JTg3JWU1JWFlJTg5JWU0JWJmJWEx.html"
,2020-07-21T00:00:00+08:00,5,1.0,2020-07-21T00:00:00+08:00,关于三生国健药业(上海)股份有限公司人民币普通股股票科创板上市交易的公告,AN202007211393063875,"[{'SECURITYVARIETYCODE': '1002029707', 'SECURITYTYPECODE': '058001001', 'SECURITYCODE': '688336', 'SECURITYFULLNAME': '三生国健', 'SECURITYSHORTNAME': '三生国健', 'SECURITYTYPE': 'A股', 'TRADEMARKETCODE': '069001001006', 'TRADEMARKET': '上交所科创板', 'LISTINGSTATE': '9', 'COMPANYCODE': '80170442', 'Eid': 0}]","[{'COLUMNCODE': '001002001001008001', 'COLUMNNAME': '首发提示性公告', 'NodeName': None, 'Eid': 0, 'Order': 97}, {'COLUMNCODE': '010002001', 'COLUMNNAME': '上证所上市退市公告', 'NodeName': None, 'Eid': 0, 'Order': 999}]","[{'CODETYPE': '058001001', 'CODEMARKET': '069001001006', 'SECURITYCODE': '688336', 'COMPANYCODE': None, 'Eid': 0}, {'CODETYPE': '058001001', 'CODEMARKET': '069001001006', 'SECURITYCODE': '688336', 'COMPANYCODE': None, 'Eid': 0}]",2020-07-21T09:00:28+08:00,2.0700000830414035e+17,97.0,"http://data.eastmoney.com/notices/detail/688336/AN202007211393063875,JWU0JWI4JTg5JWU3JTk0JTlmJWU1JTliJWJkJWU1JTgxJWE1.html"
,2020-07-21T00:00:00+08:00,5,1.0,2020-07-21T00:00:00+08:00,关于无锡芯朋微电子股份有限公司人民币普通股股票科创板上市交易的公告,AN202007211393063877,"[{'SECURITYVARIETYCODE': '1001117729', 'SECURITYTYPECODE': '058001001', 'SECURITYCODE': '688508', 'SECURITYFULLNAME': '芯朋微', 'SECURITYSHORTNAME': '芯朋微', 'SECURITYTYPE': 'A股', 'TRADEMARKETCODE': '069001001006', 'TRADEMARKET': '上交所科创板', 'LISTINGSTATE': '9', 'COMPANYCODE': '80365473', 'Eid': 0}]","[{'COLUMNCODE': '001002001001008001', 'COLUMNNAME': '首发提示性公告', 'NodeName': None, 'Eid': 0, 'Order': 97}, {'COLUMNCODE': '010002001', 'COLUMNNAME': '上证所上市退市公告', 'NodeName': None, 'Eid': 0, 'Order': 999}]","[{'CODETYPE': '058001001', 'CODEMARKET': '069001001006', 'SECURITYCODE': '688508', 'COMPANYCODE': None, 'Eid': 0}, {'CODETYPE': '058001001', 'CODEMARKET': '069001001006', 'SECURITYCODE': '688508', 'COMPANYCODE': None, 'Eid': 0}]",2020-07-21T08:59:28+08:00,2.070000083041404e+17,97.0,"http://data.eastmoney.com/notices/detail/688508/AN202007211393063877,JWU4JThhJWFmJWU2JTljJThiJWU1JWJlJWFl.html"
,2020-07-21T00:00:00+08:00,0,181.0,2020-07-21T00:00:00+08:00,603322:超讯通信关于控股子公司对外提供担保的公告,AN202007201392950865,"[{'SECURITYVARIETYCODE': '1000327153', 'SECURITYTYPECODE': '058001001', 'SECURITYCODE': '603322', 'SECURITYFULLNAME': '超讯通信', 'SECURITYSHORTNAME': '超讯通信', 'SECURITYTYPE': 'A股', 'TRADEMARKETCODE': '069001001001', 'TRADEMARKET': '上交所主板', 'LISTINGSTATE': '0', 'COMPANYCODE': '80329978', 'Eid': 0}]","[{'COLUMNCODE': '001002008', 'COLUMNNAME': '其他', 'NodeName': None, 'Eid': 0, 'Order': 999}]","[{'CODETYPE': '058001001', 'CODEMARKET': '069001001001', 'SECURITYCODE': '603322', 'COMPANYCODE': None, 'Eid': 0}]",2020-07-21T08:46:32+08:00,2.070000083011388e+17,999.0,"http://data.eastmoney.com/notices/detail/603322/AN202007201392950865,JWU4JWI2JTg1JWU4JWFlJWFmJWU5JTgwJTlhJWU0JWJmJWEx.html"
,2020-07-21T00:00:00+08:00,0,122.0,2020-07-21T00:00:00+08:00,佛燃能源:关于全资子公司对外投资设立控股子公司的公告,AN202007201392967543,"[{'SECURITYVARIETYCODE': '1000010917', 'SECURITYTYPECODE': '058001001', 'SECURITYCODE': '002911', 'SECURITYFULLNAME': '佛燃能源', 'SECURITYSHORTNAME': '佛燃能源', 'SECURITYTYPE': 'A股', 'TRADEMARKETCODE': '069001002003', 'TRADEMARKET': '深交所中小板', 'LISTINGSTATE': '0', 'COMPANYCODE': '80179109', 'Eid': 0}]","[{'COLUMNCODE': '001002008', 'COLUMNNAME': '其他', 'NodeName': None, 'Eid': 0, 'Order': 999}]","[{'CODETYPE': '058001001', 'CODEMARKET': '069001002003', 'SECURITYCODE': '002911', 'COMPANYCODE': None, 'Eid': 0}]",2020-07-21T08:46:16+08:00,2.070000083015629e+17,999.0,"http://data.eastmoney.com/notices/detail/002911/AN202007201392967543,JWU0JWJkJTliJWU3JTg3JTgzJWU4JTgzJWJkJWU2JWJhJTkw.html"
,2020-07-21T00:00:00+08:00,0,242.0,2020-07-21T00:00:00+08:00,中兴商业:关于全资子公司投资设立合资公司暨关联交易的进展公告,AN202007201392961840,"[{'SECURITYVARIETYCODE': '1000009110', 'SECURITYTYPECODE': '058001001', 'SECURITYCODE': '000715', 'SECURITYFULLNAME': '中兴商业', 'SECURITYSHORTNAME': '中兴商业', 'SECURITYTYPE': 'A股', 'TRADEMARKETCODE': '069001002001', 'TRADEMARKET': '深交所主板', 'LISTINGSTATE': '0', 'COMPANYCODE': '10001031', 'Eid': 0}]","[{'COLUMNCODE': '001002008', 'COLUMNNAME': '其他', 'NodeName': None, 'Eid': 0, 'Order': 999}]","[{'CODETYPE': '058001001', 'CODEMARKET': '069001002001', 'SECURITYCODE': '000715', 'COMPANYCODE': None, 'Eid': 0}]",2020-07-21T08:46:08+08:00,2.070000083014801e+17,999.0,"http://data.eastmoney.com/notices/detail/000715/AN202007201392961840,JWU0JWI4JWFkJWU1JTg1JWI0JWU1JTk1JTg2JWU0JWI4JTlh.html"
,2020-07-21T00:00:00+08:00,0,311.0,2020-07-21T00:00:00+08:00,高德红外:关于全资子公司投资设立孙公司的公告,AN202007201392951311,"[{'SECURITYVARIETYCODE': '1000008948', 'SECURITYTYPECODE': '058001001', 'SECURITYCODE': '002414', 'SECURITYFULLNAME': '高德红外', 'SECURITYSHORTNAME': '高德红外', 'SECURITYTYPE': 'A股', 'TRADEMARKETCODE': '069001002003', 'TRADEMARKET': '深交所中小板', 'LISTINGSTATE': '0', 'COMPANYCODE': '80141018', 'Eid': 0}]","[{'COLUMNCODE': '001002008', 'COLUMNNAME': '其他', 'NodeName': None, 'Eid': 0, 'Order': 999}]","[{'CODETYPE': '058001001', 'CODEMARKET': '069001002003', 'SECURITYCODE': '002414', 'COMPANYCODE': None, 'Eid': 0}]",2020-07-21T08:45:52+08:00,2.0700000830122595e+17,999.0,"http://data.eastmoney.com/notices/detail/002414/AN202007201392951311,JWU5JWFiJTk4JWU1JWJlJWI3JWU3JWJhJWEyJWU1JWE0JTk2.html"
,2020-07-21T00:00:00+08:00,0,267.0,2020-07-21T00:00:00+08:00,600233:圆通速递关于全资子公司收购上海圆诺信息科技有限公司100%股权暨关联交易的公告,AN202007201392938204,"[{'SECURITYVARIETYCODE': '1000001803', 'SECURITYTYPECODE': '058001001', 'SECURITYCODE': '600233', 'SECURITYFULLNAME': '圆通速递', 'SECURITYSHORTNAME': '圆通速递', 'SECURITYTYPE': 'A股', 'TRADEMARKETCODE': '069001001001', 'TRADEMARKET': '上交所主板', 'LISTINGSTATE': '0', 'COMPANYCODE': '10000190', 'Eid': 0}]","[{'COLUMNCODE': '001002008', 'COLUMNNAME': '其他', 'NodeName': None, 'Eid': 0, 'Order': 999}]","[{'CODETYPE': '058001001', 'CODEMARKET': '069001001001', 'SECURITYCODE': '600233', 'COMPANYCODE': None, 'Eid': 0}]",2020-07-21T08:45:48+08:00,2.0700000829982803e+17,999.0,"http://data.eastmoney.com/notices/detail/600233/AN202007201392938204,JWU1JTljJTg2JWU5JTgwJTlhJWU5JTgwJTlmJWU5JTgwJTky.html"
,2020-07-21T00:00:00+08:00,0,115.0,2020-07-21T00:00:00+08:00,奥拓电子:关于变更持续督导独立财务顾问主办人的公告,AN202007201392950558,"[{'SECURITYVARIETYCODE': '1000008950', 'SECURITYTYPECODE': '058001001', 'SECURITYCODE': '002587', 'SECURITYFULLNAME': '奥拓电子', 'SECURITYSHORTNAME': '奥拓电子', 'SECURITYTYPE': 'A股', 'TRADEMARKETCODE': '069001002003', 'TRADEMARKET': '深交所中小板', 'LISTINGSTATE': '0', 'COMPANYCODE': '80174266', 'Eid': 0}]","[{'COLUMNCODE': '001002008', 'COLUMNNAME': '其他', 'NodeName': None, 'Eid': 0, 'Order': 999}]","[{'CODETYPE': '058001001', 'CODEMARKET': '069001002003', 'SECURITYCODE': '002587', 'COMPANYCODE': None, 'Eid': 0}]",2020-07-21T08:44:31+08:00,2.070000083010976e+17,999.0,"http://data.eastmoney.com/notices/detail/002587/AN202007201392950558,JWU1JWE1JWE1JWU2JThiJTkzJWU3JTk0JWI1JWU1JWFkJTkw.html"
,2020-07-21T00:00:00+08:00,0,195.0,2020-07-21T00:00:00+08:00,600267:海正药业董事会关于本次交易符合《上市公司重大资产重组管理办法》第十一条及第四十三条规定的说明,AN202007201392950881,"[{'SECURITYVARIETYCODE': '1000001872', 'SECURITYTYPECODE': '058001001', 'SECURITYCODE': '600267', 'SECURITYFULLNAME': '海正药业', 'SECURITYSHORTNAME': '海正药业', 'SECURITYTYPE': 'A股', 'TRADEMARKETCODE': '069001001001', 'TRADEMARKET': '上交所主板', 'LISTINGSTATE': '0', 'COMPANYCODE': '10000218', 'Eid': 0}]","[{'COLUMNCODE': '001003001001003', 'COLUMNNAME': '专项说明/独立意见', 'NodeName': None, 'Eid': 0, 'Order': 999}]","[{'CODETYPE': '058001001', 'CODEMARKET': '069001001001', 'SECURITYCODE': '600267', 'COMPANYCODE': None, 'Eid': 0}]",2020-07-21T08:43:40+08:00,2.0700000830113933e+17,999.0,"http://data.eastmoney.com/notices/detail/600267/AN202007201392950881,JWU2JWI1JWI3JWU2JWFkJWEzJWU4JThkJWFmJWU0JWI4JTlh.html"
,2020-07-21T00:00:00+08:00,0,152.0,2020-07-21T00:00:00+08:00,正元智慧:董事会关于公司股票价格波动未达到《关于规范上市公司信息披露及相关各方行为的通知》第五条相关标准的说明,AN202007201392947464,"[{'SECURITYVARIETYCODE': '1000506178', 'SECURITYTYPECODE': '058001001', 'SECURITYCODE': '300645', 'SECURITYFULLNAME': '正元智慧', 'SECURITYSHORTNAME': '正元智慧', 'SECURITYTYPE': 'A股', 'TRADEMARKETCODE': '069001002002', 'TRADEMARKET': '深交所创业板', 'LISTINGSTATE': '0', 'COMPANYCODE': '80439303', 'Eid': 0}]","[{'COLUMNCODE': '001003001001003', 'COLUMNNAME': '专项说明/独立意见', 'NodeName': None, 'Eid': 0, 'Order': 999}]","[{'CODETYPE': '058001001', 'CODEMARKET': '069001002002', 'SECURITYCODE': '300645', 'COMPANYCODE': None, 'Eid': 0}]",2020-07-21T08:43:32+08:00,2.070000083002299e+17,999.0,"http://data.eastmoney.com/notices/detail/300645/AN202007201392947464,JWU2JWFkJWEzJWU1JTg1JTgzJWU2JTk5JWJhJWU2JTg1JWE3.html"
,2020-07-21T00:00:00+08:00,0,173.0,2020-07-21T00:00:00+08:00,600267:海正药业董事会关于本次交易不构成《上市公司重大资产重组管理办法》第十三条规定的重组上市情形的说明,AN202007201392950906,"[{'SECURITYVARIETYCODE': '1000001872', 'SECURITYTYPECODE': '058001001', 'SECURITYCODE': '600267', 'SECURITYFULLNAME': '海正药业', 'SECURITYSHORTNAME': '海正药业', 'SECURITYTYPE': 'A股', 'TRADEMARKETCODE': '069001001001', 'TRADEMARKET': '上交所主板', 'LISTINGSTATE': '0', 'COMPANYCODE': '10000218', 'Eid': 0}]","[{'COLUMNCODE': '001003001001003', 'COLUMNNAME': '专项说明/独立意见', 'NodeName': None, 'Eid': 0, 'Order': 999}]","[{'CODETYPE': '058001001', 'CODEMARKET': '069001001001', 'SECURITYCODE': '600267', 'COMPANYCODE': None, 'Eid': 0}]",2020-07-21T08:43:32+08:00,2.0700000830113984e+17,999.0,"http://data.eastmoney.com/notices/detail/600267/AN202007201392950906,JWU2JWI1JWI3JWU2JWFkJWEzJWU4JThkJWFmJWU0JWI4JTlh.html"
,2020-07-21T00:00:00+08:00,0,147.0,2020-07-21T00:00:00+08:00,正元智慧:董事会关于本次交易符合《创业板上市公司持续监管办法(试行)》第十八条、第二十一条规定的说明,AN202007201392947465,"[{'SECURITYVARIETYCODE': '1000506178', 'SECURITYTYPECODE': '058001001', 'SECURITYCODE': '300645', 'SECURITYFULLNAME': '正元智慧', 'SECURITYSHORTNAME': '正元智慧', 'SECURITYTYPE': 'A股', 'TRADEMARKETCODE': '069001002002', 'TRADEMARKET': '深交所创业板', 'LISTINGSTATE': '0', 'COMPANYCODE': '80439303', 'Eid': 0}]","[{'COLUMNCODE': '001003001001003', 'COLUMNNAME': '专项说明/独立意见', 'NodeName': None, 'Eid': 0, 'Order': 999}]","[{'CODETYPE': '058001001', 'CODEMARKET': '069001002002', 'SECURITYCODE': '300645', 'COMPANYCODE': None, 'Eid': 0}]",2020-07-21T08:43:07+08:00,2.070000083002299e+17,999.0,"http://data.eastmoney.com/notices/detail/300645/AN202007201392947465,JWU2JWFkJWEzJWU1JTg1JTgzJWU2JTk5JWJhJWU2JTg1JWE3.html"
,2020-07-21T00:00:00+08:00,0,296.0,2020-07-21T00:00:00+08:00,*ST宝实:关于法院裁定受理公司重整暨股票被继续实施退市风险警示的公告,AN202007211393098017,"[{'SECURITYVARIETYCODE': '1000004152', 'SECURITYTYPECODE': '058001001', 'SECURITYCODE': '000595', 'SECURITYFULLNAME': '*ST宝实', 'SECURITYSHORTNAME': '*ST宝实', 'SECURITYTYPE': 'A股', 'TRADEMARKETCODE': '069001002005', 'TRADEMARKET': '深交所风险警示板', 'LISTINGSTATE': '0', 'COMPANYCODE': '10000932', 'Eid': 0}]","[{'COLUMNCODE': '001002004003004', 'COLUMNNAME': '实施退市风险警示', 'NodeName': None, 'Eid': 0, 'Order': 199}]","[{'CODETYPE': '058001001', 'CODEMARKET': '069001002005', 'SECURITYCODE': '000595', 'COMPANYCODE': None, 'Eid': 0}]",2020-07-21T12:10:28+08:00,2.070000083046263e+17,199.0,"http://data.eastmoney.com/notices/detail/000595/AN202007211393098017,KlNUJWU1JWFlJTlkJWU1JWFlJTll.html"
,2020-07-21T00:00:00+08:00,0,5137.0,2020-07-21T00:00:00+08:00,博深股份:发行股份及支付现金购买资产并募集配套资金暨关联交易报告书(修订稿),AN202007211393094586,"[{'SECURITYVARIETYCODE': '1000007926', 'SECURITYTYPECODE': '058001001', 'SECURITYCODE': '002282', 'SECURITYFULLNAME': '博深股份', 'SECURITYSHORTNAME': '博深股份', 'SECURITYTYPE': 'A股', 'TRADEMARKETCODE': '069001002003', 'TRADEMARKET': '深交所中小板', 'LISTINGSTATE': '0', 'COMPANYCODE': '80123304', 'Eid': 0}]","[{'COLUMNCODE': '001002001002007002', 'COLUMNNAME': '其他增发事项公告', 'NodeName': None, 'Eid': 0, 'Order': 153}, {'COLUMNCODE': '001002007003004', 'COLUMNNAME': '收购出售资产/股权', 'NodeName': None, 'Eid': 0, 'Order': 399}, {'COLUMNCODE': '001002007005', 'COLUMNNAME': '关联交易', 'NodeName': None, 'Eid': 0, 'Order': 999}]","[{'CODETYPE': '058001001', 'CODEMARKET': '069001002003', 'SECURITYCODE': '002282', 'COMPANYCODE': None, 'Eid': 0}, {'CODETYPE': '058001001', 'CODEMARKET': '069001002003', 'SECURITYCODE': '002282', 'COMPANYCODE': None, 'Eid': 0}, {'CODETYPE': '058001001', 'CODEMARKET': '069001002003', 'SECURITYCODE': '002282', 'COMPANYCODE': None, 'Eid': 0}]",2020-07-21T11:53:07+08:00,2.070000083045926e+17,153.0,"http://data.eastmoney.com/notices/detail/002282/AN202007211393094586,JWU1JThkJTlhJWU2JWI3JWIxJWU4JTgyJWExJWU0JWJiJWJk.html"
,2020-07-21T00:00:00+08:00,0,281.0,2020-07-21T00:00:00+08:00,博深股份:关于发行股份及支付现金购买资产并募集配套资金暨关联交易报告书的修订说明公告,AN202007211393094592,"[{'SECURITYVARIETYCODE': '1000007926', 'SECURITYTYPECODE': '058001001', 'SECURITYCODE': '002282', 'SECURITYFULLNAME': '博深股份', 'SECURITYSHORTNAME': '博深股份', 'SECURITYTYPE': 'A股', 'TRADEMARKETCODE': '069001002003', 'TRADEMARKET': '深交所中小板', 'LISTINGSTATE': '0', 'COMPANYCODE': '80123304', 'Eid': 0}]","[{'COLUMNCODE': '001002008', 'COLUMNNAME': '其他', 'NodeName': None, 'Eid': 0, 'Order': 999}]","[{'CODETYPE': '058001001', 'CODEMARKET': '069001002003', 'SECURITYCODE': '002282', 'COMPANYCODE': None, 'Eid': 0}]",2020-07-21T11:52:50+08:00,2.0700000830459264e+17,999.0,"http://data.eastmoney.com/notices/detail/002282/AN202007211393094592,JWU1JThkJTlhJWU2JWI3JWIxJWU4JTgyJWExJWU0JWJiJWJk.html"
,2020-07-21T00:00:00+08:00,0,648.0,2020-07-21T00:00:00+08:00,博深股份:发行股份及支付现金购买资产并募集配套资金暨关联交易报告书(修订稿)摘要,AN202007211393094588,"[{'SECURITYVARIETYCODE': '1000007926', 'SECURITYTYPECODE': '058001001', 'SECURITYCODE': '002282', 'SECURITYFULLNAME': '博深股份', 'SECURITYSHORTNAME': '博深股份', 'SECURITYTYPE': 'A股', 'TRADEMARKETCODE': '069001002003', 'TRADEMARKET': '深交所中小板', 'LISTINGSTATE': '0', 'COMPANYCODE': '80123304', 'Eid': 0}]","[{'COLUMNCODE': '001002001002007002', 'COLUMNNAME': '其他增发事项公告', 'NodeName': None, 'Eid': 0, 'Order': 153}, {'COLUMNCODE': '001002007003004', 'COLUMNNAME': '收购出售资产/股权', 'NodeName': None, 'Eid': 0, 'Order': 399}, {'COLUMNCODE': '001002007005', 'COLUMNNAME': '关联交易', 'NodeName': None, 'Eid': 0, 'Order': 999}]","[{'CODETYPE': '058001001', 'CODEMARKET': '069001002003', 'SECURITYCODE': '002282', 'COMPANYCODE': None, 'Eid': 0}, {'CODETYPE': '058001001', 'CODEMARKET': '069001002003', 'SECURITYCODE': '002282', 'COMPANYCODE': None, 'Eid': 0}, {'CODETYPE': '058001001', 'CODEMARKET': '069001002003', 'SECURITYCODE': '002282', 'COMPANYCODE': None, 'Eid': 0}]",2020-07-21T11:52:42+08:00,2.0700000830459264e+17,153.0,"http://data.eastmoney.com/notices/detail/002282/AN202007211393094588,JWU1JThkJTlhJWU2JWI3JWIxJWU4JTgyJWExJWU0JWJiJWJk.html"
,2020-07-21T00:00:00+08:00,0,198.0,2020-07-21T00:00:00+08:00,博深股份:关于中国证监会上市公司并购重组审核委员会审核意见的回复公告,AN202007211393094587,"[{'SECURITYVARIETYCODE': '1000007926', 'SECURITYTYPECODE': '058001001', 'SECURITYCODE': '002282', 'SECURITYFULLNAME': '博深股份', 'SECURITYSHORTNAME': '博深股份', 'SECURITYTYPE': 'A股', 'TRADEMARKETCODE': '069001002003', 'TRADEMARKET': '深交所中小板', 'LISTINGSTATE': '0', 'COMPANYCODE': '80123304', 'Eid': 0}]","[{'COLUMNCODE': '001003002001', 'COLUMNNAME': '保荐/核查意见', 'NodeName': None, 'Eid': 0, 'Order': 999}]","[{'CODETYPE': '058001001', 'CODEMARKET': '069001002003', 'SECURITYCODE': '002282', 'COMPANYCODE': None, 'Eid': 0}]",2020-07-21T11:50:23+08:00,2.0700000830459264e+17,999.0,"http://data.eastmoney.com/notices/detail/002282/AN202007211393094587,JWU1JThkJTlhJWU2JWI3JWIxJWU4JTgyJWExJWU0JWJiJWJk.html"
,2020-07-21T00:00:00+08:00,0,540.0,2020-07-21T00:00:00+08:00,博深股份:关于发行股份及支付现金购买资产并募集配套资金暨关联交易并购重组委会议审核意见的回复,AN202007211393094590,"[{'SECURITYVARIETYCODE': '1000007926', 'SECURITYTYPECODE': '058001001', 'SECURITYCODE': '002282', 'SECURITYFULLNAME': '博深股份', 'SECURITYSHORTNAME': '博深股份', 'SECURITYTYPE': 'A股', 'TRADEMARKETCODE': '069001002003', 'TRADEMARKET': '深交所中小板', 'LISTINGSTATE': '0', 'COMPANYCODE': '80123304', 'Eid': 0}]","[{'COLUMNCODE': '001003002001', 'COLUMNNAME': '保荐/核查意见', 'NodeName': None, 'Eid': 0, 'Order': 999}]","[{'CODETYPE': '058001001', 'CODEMARKET': '069001002003', 'SECURITYCODE': '002282', 'COMPANYCODE': None, 'Eid': 0}]",2020-07-21T11:50:23+08:00,2.0700000830459264e+17,999.0,"http://data.eastmoney.com/notices/detail/002282/AN202007211393094590,JWU1JThkJTlhJWU2JWI3JWIxJWU4JTgyJWExJWU0JWJiJWJk.html"
,2020-07-21T00:00:00+08:00,0,441.0,2020-07-21T00:00:00+08:00,博深股份:东方证券承销保荐有限公司关于《博深股份有限公司关于发行股份及支付现金购买资产并募集配套资金暨关联交易并购重组委会议审核意见的回复》之独立核查意见,AN202007211393094591,"[{'SECURITYVARIETYCODE': '1000007926', 'SECURITYTYPECODE': '058001001', 'SECURITYCODE': '002282', 'SECURITYFULLNAME': '博深股份', 'SECURITYSHORTNAME': '博深股份', 'SECURITYTYPE': 'A股', 'TRADEMARKETCODE': '069001002003', 'TRADEMARKET': '深交所中小板', 'LISTINGSTATE': '0', 'COMPANYCODE': '80123304', 'Eid': 0}]","[{'COLUMNCODE': '001003002001', 'COLUMNNAME': '保荐/核查意见', 'NodeName': None, 'Eid': 0, 'Order': 999}]","[{'CODETYPE': '058001001', 'CODEMARKET': '069001002003', 'SECURITYCODE': '002282', 'COMPANYCODE': None, 'Eid': 0}]",2020-07-21T11:50:23+08:00,2.0700000830459264e+17,999.0,"http://data.eastmoney.com/notices/detail/002282/AN202007211393094591,JWU1JThkJTlhJWU2JWI3JWIxJWU4JTgyJWExJWU0JWJiJWJk.html"
,2020-07-21T00:00:00+08:00,0,122.0,2020-07-21T00:00:00+08:00,先河环保:关于回购股份事项前十名股东和前十名无限售条件股东持股情况的公告,AN202007211393093721,"[{'SECURITYVARIETYCODE': '1000008209', 'SECURITYTYPECODE': '058001001', 'SECURITYCODE': '300137', 'SECURITYFULLNAME': '先河环保', 'SECURITYSHORTNAME': '先河环保', 'SECURITYTYPE': 'A股', 'TRADEMARKETCODE': '069001002002', 'TRADEMARKET': '深交所创业板', 'LISTINGSTATE': '0', 'COMPANYCODE': '80153529', 'Eid': 0}]","[{'COLUMNCODE': '001002007003009004', 'COLUMNNAME': '回购进展情况', 'NodeName': None, 'Eid': 0, 'Order': 435}]","[{'CODETYPE': '058001001', 'CODEMARKET': '069001002002', 'SECURITYCODE': '300137', 'COMPANYCODE': None, 'Eid': 0}]",2020-07-21T11:46:14+08:00,2.0700000830457306e+17,435.0,"http://data.eastmoney.com/notices/detail/300137/AN202007211393093721,JWU1JTg1JTg4JWU2JWIyJWIzJWU3JThlJWFmJWU0JWJmJTlk.html"
,2020-07-21T00:00:00+08:00,0,345.0,2020-07-21T00:00:00+08:00,英派斯:关于使用闲置自有资金进行现金管理的进展公告,AN202007211393093661,"[{'SECURITYVARIETYCODE': '1000734418', 'SECURITYTYPECODE': '058001001', 'SECURITYCODE': '002899', 'SECURITYFULLNAME': '英派斯', 'SECURITYSHORTNAME': '英派斯', 'SECURITYTYPE': 'A股', 'TRADEMARKETCODE': '069001002003', 'TRADEMARKET': '深交所中小板', 'LISTINGSTATE': '0', 'COMPANYCODE': '80509331', 'Eid': 0}]","[{'COLUMNCODE': '001002006012003', 'COLUMNNAME': '投资理财', 'NodeName': None, 'Eid': 0, 'Order': 327}]","[{'CODETYPE': '058001001', 'CODEMARKET': '069001002003', 'SECURITYCODE': '002899', 'COMPANYCODE': None, 'Eid': 0}]",2020-07-21T11:46:02+08:00,2.070000083045728e+17,327.0,"http://data.eastmoney.com/notices/detail/002899/AN202007211393093661,JWU4JThiJWIxJWU2JWI0JWJlJWU2JTk2JWFm.html"
,2020-07-21T00:00:00+08:00,0,183.0,2020-07-21T00:00:00+08:00,安洁科技:关于重庆安洁电子有限公司完成工商变更登记的公告,AN202007211393093659,"[{'SECURITYVARIETYCODE': '1000009180', 'SECURITYTYPECODE': '058001001', 'SECURITYCODE': '002635', 'SECURITYFULLNAME': '安洁科技', 'SECURITYSHORTNAME': '安洁科技', 'SECURITYTYPE': 'A股', 'TRADEMARKETCODE': '069001002003', 'TRADEMARKET': '深交所中小板', 'LISTINGSTATE': '0', 'COMPANYCODE': '80187276', 'Eid': 0}]","[{'COLUMNCODE': '001002005004', 'COLUMNNAME': '公司关联方基本资料变更', 'NodeName': None, 'Eid': 0, 'Order': 279}]","[{'CODETYPE': '058001001', 'CODEMARKET': '069001002003', 'SECURITYCODE': '002635', 'COMPANYCODE': None, 'Eid': 0}]",2020-07-21T11:45:54+08:00,2.070000083045728e+17,279.0,"http://data.eastmoney.com/notices/detail/002635/AN202007211393093659,JWU1JWFlJTg5JWU2JWI0JTgxJWU3JWE3JTkxJWU2JThhJTgw.html"
,2020-07-21T00:00:00+08:00,0,195.0,2020-07-21T00:00:00+08:00,*ST华映:关于公司股东所持部分股份被司法变卖的进展公告,AN202007211393093688,"[{'SECURITYVARIETYCODE': '1000002270', 'SECURITYTYPECODE': '058001001', 'SECURITYCODE': '000536', 'SECURITYFULLNAME': '*ST华映', 'SECURITYSHORTNAME': '*ST华映', 'SECURITYTYPE': 'A股', 'TRADEMARKETCODE': '069001002005', 'TRADEMARKET': '深交所风险警示板', 'LISTINGSTATE': '0', 'COMPANYCODE': '10000878', 'Eid': 0}]","[{'COLUMNCODE': '001002008', 'COLUMNNAME': '其他', 'NodeName': None, 'Eid': 0, 'Order': 999}]","[{'CODETYPE': '058001001', 'CODEMARKET': '069001002005', 'SECURITYCODE': '000536', 'COMPANYCODE': None, 'Eid': 0}]",2020-07-21T11:45:35+08:00,2.0700000830457283e+17,999.0,"http://data.eastmoney.com/notices/detail/000536/AN202007211393093688,KlNUJWU1JThkJThlJWU2JTk4JWEw.html"
,2020-07-21T00:00:00+08:00,0,219.0,2020-07-21T00:00:00+08:00,宇信科技:关于股东股份减持比例达到5%暨权益变动的提示性公告,AN202007211393093874,"[{'SECURITYVARIETYCODE': '1000853494', 'SECURITYTYPECODE': '058001001', 'SECURITYCODE': '300674', 'SECURITYFULLNAME': '宇信科技', 'SECURITYSHORTNAME': '宇信科技', 'SECURITYTYPE': 'A股', 'TRADEMARKETCODE': '069001002002', 'TRADEMARKET': '深交所创业板', 'LISTINGSTATE': '0', 'COMPANYCODE': '80117592', 'Eid': 0}]","[{'COLUMNCODE': '001002002005', 'COLUMNNAME': '权益变动报告书', 'NodeName': None, 'Eid': 0, 'Order': 999}, {'COLUMNCODE': '001002007004003', 'COLUMNNAME': '股东/实际控制人股份减持', 'NodeName': None, 'Eid': 0, 'Order': 445}]","[{'CODETYPE': '058001001', 'CODEMARKET': '069001002002', 'SECURITYCODE': '300674', 'COMPANYCODE': None, 'Eid': 0}, {'CODETYPE': '058001001', 'CODEMARKET': '069001002002', 'SECURITYCODE': '300674', 'COMPANYCODE': None, 'Eid': 0}]",2020-07-21T11:45:35+08:00,2.070000083045768e+17,445.0,"http://data.eastmoney.com/notices/detail/300674/AN202007211393093874,JWU1JWFlJTg3JWU0JWJmJWExJWU3JWE3JTkxJWU2JThhJTgw.html"
,2020-07-21T00:00:00+08:00,0,330.0,2020-07-21T00:00:00+08:00,宇信科技:简式权益变动报告书,AN202007211393093876,"[{'SECURITYVARIETYCODE': '1000853494', 'SECURITYTYPECODE': '058001001', 'SECURITYCODE': '300674', 'SECURITYFULLNAME': '宇信科技', 'SECURITYSHORTNAME': '宇信科技', 'SECURITYTYPE': 'A股', 'TRADEMARKETCODE': '069001002002', 'TRADEMARKET': '深交所创业板', 'LISTINGSTATE': '0', 'COMPANYCODE': '80117592', 'Eid': 0}]","[{'COLUMNCODE': '001002002005', 'COLUMNNAME': '权益变动报告书', 'NodeName': None, 'Eid': 0, 'Order': 999}]","[{'CODETYPE': '058001001', 'CODEMARKET': '069001002002', 'SECURITYCODE': '300674', 'COMPANYCODE': None, 'Eid': 0}]",2020-07-21T11:45:35+08:00,2.070000083045768e+17,999.0,"http://data.eastmoney.com/notices/detail/300674/AN202007211393093876,JWU1JWFlJTg3JWU0JWJmJWExJWU3JWE3JTkxJWU2JThhJTgw.html"
,2020-07-21T00:00:00+08:00,0,100.0,2020-07-21T00:00:00+08:00,红日药业:关于持股5%以上的股东部分股权解除司法冻结的公告,AN202007211393093719,"[{'SECURITYVARIETYCODE': '1000004431', 'SECURITYTYPECODE': '058001001', 'SECURITYCODE': '300026', 'SECURITYFULLNAME': '红日药业', 'SECURITYSHORTNAME': '红日药业', 'SECURITYTYPE': 'A股', 'TRADEMARKETCODE': '069001002002', 'TRADEMARKET': '深交所创业板', 'LISTINGSTATE': '0', 'COMPANYCODE': '80026133', 'Eid': 0}]","[{'COLUMNCODE': '001002006010', 'COLUMNNAME': '股份质押、冻结', 'NodeName': None, 'Eid': 0, 'Order': 301}]","[{'CODETYPE': '058001001', 'CODEMARKET': '069001002002', 'SECURITYCODE': '300026', 'COMPANYCODE': None, 'Eid': 0}]",2020-07-21T11:44:54+08:00,2.0700000830457306e+17,301.0,"http://data.eastmoney.com/notices/detail/300026/AN202007211393093719,JWU3JWJhJWEyJWU2JTk3JWE1JWU4JThkJWFmJWU0JWI4JTlh.html"
,2020-07-21T00:00:00+08:00,0,191.0,2020-07-21T00:00:00+08:00,嘉寓股份:关于公司二级子公司签订日常经营重大合同的公告,AN202007211393093724,"[{'SECURITYVARIETYCODE': '1000008182', 'SECURITYTYPECODE': '058001001', 'SECURITYCODE': '300117', 'SECURITYFULLNAME': '嘉寓股份', 'SECURITYSHORTNAME': '嘉寓股份', 'SECURITYTYPE': 'A股', 'TRADEMARKETCODE': '069001002002', 'TRADEMARKET': '深交所创业板', 'LISTINGSTATE': '0', 'COMPANYCODE': '80133698', 'Eid': 0}]","[{'COLUMNCODE': '001002006004', 'COLUMNNAME': '重大合同', 'NodeName': None, 'Eid': 0, 'Order': 289}]","[{'CODETYPE': '058001001', 'CODEMARKET': '069001002002', 'SECURITYCODE': '300117', 'COMPANYCODE': None, 'Eid': 0}]",2020-07-21T11:44:54+08:00,2.0700000830457306e+17,289.0,"http://data.eastmoney.com/notices/detail/300117/AN202007211393093724,JWU1JTk4JTg5JWU1JWFmJTkzJWU4JTgyJWExJWU0JWJiJWJk.html"
,2020-07-21T00:00:00+08:00,0,252.0,2020-07-21T00:00:00+08:00,中建环能:关于持股5%以上非控股股东与其一致行动人股份转让的公告,AN202007211393093720,"[{'SECURITYVARIETYCODE': '1000313716', 'SECURITYTYPECODE': '058001001', 'SECURITYCODE': '300425', 'SECURITYFULLNAME': '中建环能', 'SECURITYSHORTNAME': '中建环能', 'SECURITYTYPE': 'A股', 'TRADEMARKETCODE': '069001002002', 'TRADEMARKET': '深交所创业板', 'LISTINGSTATE': '0', 'COMPANYCODE': '80200104', 'Eid': 0}]","[{'COLUMNCODE': '001002007003005', 'COLUMNNAME': '股权转让', 'NodeName': None, 'Eid': 0, 'Order': 401}]","[{'CODETYPE': '058001001', 'CODEMARKET': '069001002002', 'SECURITYCODE': '300425', 'COMPANYCODE': None, 'Eid': 0}]",2020-07-21T11:44:54+08:00,2.0700000830457306e+17,401.0,"http://data.eastmoney.com/notices/detail/300425/AN202007211393093720,JWU0JWI4JWFkJWU1JWJiJWJhJWU3JThlJWFmJWU4JTgzJWJk.html"
,2020-07-21T00:00:00+08:00,0,142.0,2020-07-21T00:00:00+08:00,联得装备:关于收到《关于深圳市联得自动化装备股份有限公司申请向特定对象发行股票的审核问询函》的公告,AN202007211393093723,"[{'SECURITYVARIETYCODE': '1000322051', 'SECURITYTYPECODE': '058001001', 'SECURITYCODE': '300545', 'SECURITYFULLNAME': '联得装备', 'SECURITYSHORTNAME': '联得装备', 'SECURITYTYPE': 'A股', 'TRADEMARKETCODE': '069001002002', 'TRADEMARKET': '深交所创业板', 'LISTINGSTATE': '0', 'COMPANYCODE': '80319562', 'Eid': 0}]","[{'COLUMNCODE': '001002011001001', 'COLUMNNAME': '收到问询函公告', 'NodeName': None, 'Eid': 0, 'Order': 999}]","[{'CODETYPE': '058001001', 'CODEMARKET': '069001002002', 'SECURITYCODE': '300545', 'COMPANYCODE': None, 'Eid': 0}]",2020-07-21T11:44:54+08:00,2.0700000830457306e+17,999.0,"http://data.eastmoney.com/notices/detail/300545/AN202007211393093723,JWU4JTgxJTk0JWU1JWJlJTk3JWU4JWEzJTg1JWU1JWE0JTg3.html"
,2020-07-21T00:00:00+08:00,0,585.0,2020-07-21T00:00:00+08:00,农尚环境:关于对深圳证券交易所关注函回复的公告,AN202007211393093725,"[{'SECURITYVARIETYCODE': '1000304605', 'SECURITYTYPECODE': '058001001', 'SECURITYCODE': '300536', 'SECURITYFULLNAME': '农尚环境', 'SECURITYSHORTNAME': '农尚环境', 'SECURITYTYPE': 'A股', 'TRADEMARKETCODE': '069001002002', 'TRADEMARKET': '深交所创业板', 'LISTINGSTATE': '0', 'COMPANYCODE': '80357708', 'Eid': 0}]","[{'COLUMNCODE': '001002011002002', 'COLUMNNAME': '回复关注函公告', 'NodeName': None, 'Eid': 0, 'Order': 999}]","[{'CODETYPE': '058001001', 'CODEMARKET': '069001002002', 'SECURITYCODE': '300536', 'COMPANYCODE': None, 'Eid': 0}]",2020-07-21T11:44:54+08:00,2.0700000830457306e+17,999.0,"http://data.eastmoney.com/notices/detail/300536/AN202007211393093725,JWU1JTg2JTljJWU1JWIwJTlhJWU3JThlJWFmJWU1JWEyJTgz.html"
,2020-07-21T00:00:00+08:00,0,175.0,2020-07-21T00:00:00+08:00,先河环保:回购报告书,AN202007211393093722,"[{'SECURITYVARIETYCODE': '1000008209', 'SECURITYTYPECODE': '058001001', 'SECURITYCODE': '300137', 'SECURITYFULLNAME': '先河环保', 'SECURITYSHORTNAME': '先河环保', 'SECURITYTYPE': 'A股', 'TRADEMARKETCODE': '069001002002', 'TRADEMARKET': '深交所创业板', 'LISTINGSTATE': '0', 'COMPANYCODE': '80153529', 'Eid': 0}]","[{'COLUMNCODE': '001002007003009002001', 'COLUMNNAME': '回购报告书', 'NodeName': None, 'Eid': 0, 'Order': 425}]","[{'CODETYPE': '058001001', 'CODEMARKET': '069001002002', 'SECURITYCODE': '300137', 'COMPANYCODE': None, 'Eid': 0}]",2020-07-21T11:44:54+08:00,2.0700000830457306e+17,425.0,"http://data.eastmoney.com/notices/detail/300137/AN202007211393093722,JWU1JTg1JTg4JWU2JWIyJWIzJWU3JThlJWFmJWU0JWJmJTlk.html"
,2020-07-21T00:00:00+08:00,0,318.0,2020-07-21T00:00:00+08:00,皖能电力:关于召开2020年第一次临时股东大会的提示性公告,AN202007211393093687,"[{'SECURITYVARIETYCODE': '1000002307', 'SECURITYTYPECODE': '058001001', 'SECURITYCODE': '000543', 'SECURITYFULLNAME': '皖能电力', 'SECURITYSHORTNAME': '皖能电力', 'SECURITYTYPE': 'A股', 'TRADEMARKETCODE': '069001002001', 'TRADEMARKET': '深交所主板', 'LISTINGSTATE': '0', 'COMPANYCODE': '10000885', 'Eid': 0}]","[{'COLUMNCODE': '001002003001003', 'COLUMNNAME': '召开股东大会提示性公告', 'NodeName': None, 'Eid': 0, 'Order': 999}]","[{'CODETYPE': '058001001', 'CODEMARKET': '069001002001', 'SECURITYCODE': '000543', 'COMPANYCODE': None, 'Eid': 0}]",2020-07-21T11:44:29+08:00,2.0700000830457283e+17,999.0,"http://data.eastmoney.com/notices/detail/000543/AN202007211393093687,JWU3JTlhJTk2JWU4JTgzJWJkJWU3JTk0JWI1JWU1JThhJTli.html"
,2020-07-21T00:00:00+08:00,0,149.0,2020-07-21T00:00:00+08:00,恩捷股份:关于非公开发行股票申请获得中国证监会核准批复的公告,AN202007211393093660,"[{'SECURITYVARIETYCODE': '1000320079', 'SECURITYTYPECODE': '058001001', 'SECURITYCODE': '002812', 'SECURITYFULLNAME': '恩捷股份', 'SECURITYSHORTNAME': '恩捷股份', 'SECURITYTYPE': 'A股', 'TRADEMARKETCODE': '069001002003', 'TRADEMARKET': '深交所中小板', 'LISTINGSTATE': '0', 'COMPANYCODE': '80187554', 'Eid': 0}]","[{'COLUMNCODE': '001002001002001004', 'COLUMNNAME': '增发获准公告', 'NodeName': None, 'Eid': 0, 'Order': 113}]","[{'CODETYPE': '058001001', 'CODEMARKET': '069001002003', 'SECURITYCODE': '002812', 'COMPANYCODE': None, 'Eid': 0}]",2020-07-21T11:44:29+08:00,2.070000083045728e+17,113.0,"http://data.eastmoney.com/notices/detail/002812/AN202007211393093660,JWU2JTgxJWE5JWU2JThkJWI3JWU4JTgyJWExJWU0JWJiJWJk.html"
,2020-07-21T00:00:00+08:00,0,343.0,2020-07-21T00:00:00+08:00,富煌钢构:关于与中铁大桥局有限公司签订《战略合作协议》的公告,AN202007211393093662,"[{'SECURITYVARIETYCODE': '1000011657', 'SECURITYTYPECODE': '058001001', 'SECURITYCODE': '002743', 'SECURITYFULLNAME': '富煌钢构', 'SECURITYSHORTNAME': '富煌钢构', 'SECURITYTYPE': 'A股', 'TRADEMARKETCODE': '069001002003', 'TRADEMARKET': '深交所中小板', 'LISTINGSTATE': '0', 'COMPANYCODE': '80071791', 'Eid': 0}]","[{'COLUMNCODE': '001002006005', 'COLUMNNAME': '签订协议', 'NodeName': None, 'Eid': 0, 'Order': 291}]","[{'CODETYPE': '058001001', 'CODEMARKET': '069001002003', 'SECURITYCODE': '002743', 'COMPANYCODE': None, 'Eid': 0}]",2020-07-21T11:44:29+08:00,2.070000083045728e+17,291.0,"http://data.eastmoney.com/notices/detail/002743/AN202007211393093662,JWU1JWFmJThjJWU3JTg1JThjJWU5JTkyJWEyJWU2JTllJTg0.html"
,2020-07-21T00:00:00+08:00,0,114.0,2020-07-21T00:00:00+08:00,创意信息:关于子公司中标侯选人公示结束的提示性公告,AN202007211393051223,"[{'SECURITYVARIETYCODE': '1000011554', 'SECURITYTYPECODE': '058001001', 'SECURITYCODE': '300366', 'SECURITYFULLNAME': '创意信息', 'SECURITYSHORTNAME': '创意信息', 'SECURITYTYPE': 'A股', 'TRADEMARKETCODE': '069001002002', 'TRADEMARKET': '深交所创业板', 'LISTINGSTATE': '0', 'COMPANYCODE': '80171552', 'Eid': 0}]","[{'COLUMNCODE': '001002008', 'COLUMNNAME': '其他', 'NodeName': None, 'Eid': 0, 'Order': 999}]","[{'CODETYPE': '058001001', 'CODEMARKET': '069001002002', 'SECURITYCODE': '300366', 'COMPANYCODE': None, 'Eid': 0}]",2020-07-21T11:05:50+08:00,2.0700000830348627e+17,999.0,"http://data.eastmoney.com/notices/detail/300366/AN202007211393051223,JWU1JTg4JTliJWU2JTg0JThmJWU0JWJmJWExJWU2JTgxJWFm.html"
,2020-07-21T00:00:00+08:00,0,4276.0,2020-07-21T00:00:00+08:00,金融街:2020年面向专业投资者公开发行公司债券(第一期)募集说明书摘要,AN202007211393071841,"[{'SECURITYVARIETYCODE': '1000002051', 'SECURITYTYPECODE': '058001001', 'SECURITYCODE': '000402', 'SECURITYFULLNAME': '金融街', 'SECURITYSHORTNAME': '金融街', 'SECURITYTYPE': 'A股', 'TRADEMARKETCODE': '069001002001', 'TRADEMARKET': '深交所主板', 'LISTINGSTATE': '0', 'COMPANYCODE': '10000675', 'Eid': 0}, {'SECURITYVARIETYCODE': '1002312071', 'SECURITYTYPECODE': '060', 'SECURITYCODE': '149174', 'SECURITYFULLNAME': '金融街控股股份有限公司2020年面向专业投资者公开发行公司债券(第一期)', 'SECURITYSHORTNAME': '20金街01', 'SECURITYTYPE': '债券', 'TRADEMARKETCODE': '069001002', 'TRADEMARKET': '深圳证券交易所', 'LISTINGSTATE': '9', 'COMPANYCODE': '10000675', 'Eid': 0}]","[{'COLUMNCODE': '001002008', 'COLUMNNAME': '其他', 'NodeName': None, 'Eid': 0, 'Order': 999}, {'COLUMNCODE': '003006001', 'COLUMNNAME': '募集公告', 'NodeName': None, 'Eid': 0, 'Order': 999}]","[{'CODETYPE': '058001001', 'CODEMARKET': '069001002001', 'SECURITYCODE': '000402', 'COMPANYCODE': None, 'Eid': 0}, {'CODETYPE': '060', 'CODEMARKET': '069001002', 'SECURITYCODE': '149174', 'COMPANYCODE': None, 'Eid': 0}, {'CODETYPE': '060', 'CODEMARKET': '069001002', 'SECURITYCODE': '149174', 'COMPANYCODE': None, 'Eid': 0}, {'CODETYPE': '058001001', 'CODEMARKET': '069001002001', 'SECURITYCODE': '000402', 'COMPANYCODE': None, 'Eid': 0}]",2020-07-21T11:04:44+08:00,2.070000083042471e+17,999.0,"http://data.eastmoney.com/notices/detail/000402/AN202007211393071841,JWU5JTg3JTkxJWU4JTllJThkJWU4JWExJTk3.html"
,2020-07-21T00:00:00+08:00,0,17479.0,2020-07-21T00:00:00+08:00,金融街:2020年面向专业投资者公开发行公司债券(第一期)募集说明书,AN202007211393071842,"[{'SECURITYVARIETYCODE': '1002312071', 'SECURITYTYPECODE': '060', 'SECURITYCODE': '149174', 'SECURITYFULLNAME': '金融街控股股份有限公司2020年面向专业投资者公开发行公司债券(第一期)', 'SECURITYSHORTNAME': '20金街01', 'SECURITYTYPE': '债券', 'TRADEMARKETCODE': '069001002', 'TRADEMARKET': '深圳证券交易所', 'LISTINGSTATE': '9', 'COMPANYCODE': '10000675', 'Eid': 0}, {'SECURITYVARIETYCODE': '1000002051', 'SECURITYTYPECODE': '058001001', 'SECURITYCODE': '000402', 'SECURITYFULLNAME': '金融街', 'SECURITYSHORTNAME': '金融街', 'SECURITYTYPE': 'A股', 'TRADEMARKETCODE': '069001002001', 'TRADEMARKET': '深交所主板', 'LISTINGSTATE': '0', 'COMPANYCODE': '10000675', 'Eid': 0}]","[{'COLUMNCODE': '001002008', 'COLUMNNAME': '其他', 'NodeName': None, 'Eid': 0, 'Order': 999}, {'COLUMNCODE': '003006001', 'COLUMNNAME': '募集公告', 'NodeName': None, 'Eid': 0, 'Order': 999}]","[{'CODETYPE': '060', 'CODEMARKET': '069001002', 'SECURITYCODE': '149174', 'COMPANYCODE': None, 'Eid': 0}, {'CODETYPE': '058001001', 'CODEMARKET': '069001002001', 'SECURITYCODE': '000402', 'COMPANYCODE': None, 'Eid': 0}, {'CODETYPE': '058001001', 'CODEMARKET': '069001002001', 'SECURITYCODE': '000402', 'COMPANYCODE': None, 'Eid': 0}, {'CODETYPE': '060', 'CODEMARKET': '069001002', 'SECURITYCODE': '149174', 'COMPANYCODE': None, 'Eid': 0}]",2020-07-21T11:03:11+08:00,2.070000083042471e+17,999.0,"http://data.eastmoney.com/notices/detail/149174/AN202007211393071842,MjAlZTklODclOTElZTglYTElOTcwMQ==.html"
,2020-07-21T00:00:00+08:00,0,156.0,2020-07-21T00:00:00+08:00,亿利达:2020年第一次临时股东大会决议公告,AN202007201392970302,"[{'SECURITYVARIETYCODE': '1000009321', 'SECURITYTYPECODE': '058001001', 'SECURITYCODE': '002686', 'SECURITYFULLNAME': '亿利达', 'SECURITYSHORTNAME': '亿利达', 'SECURITYTYPE': 'A股', 'TRADEMARKETCODE': '069001002003', 'TRADEMARKET': '深交所中小板', 'LISTINGSTATE': '0', 'COMPANYCODE': '80133642', 'Eid': 0}]","[{'COLUMNCODE': '001002003003', 'COLUMNNAME': '股东大会决议公告', 'NodeName': None, 'Eid': 0, 'Order': 999}, {'COLUMNCODE': '001002001002001001', 'COLUMNNAME': '增发预案', 'NodeName': None, 'Eid': 0, 'Order': 107}]","[{'CODETYPE': '058001001', 'CODEMARKET': '069001002003', 'SECURITYCODE': '002686', 'COMPANYCODE': None, 'Eid': 0}, {'CODETYPE': '058001001', 'CODEMARKET': '069001002003', 'SECURITYCODE': '002686', 'COMPANYCODE': None, 'Eid': 0}]",2020-07-21T10:02:42+08:00,2.070000083016021e+17,107.0,"http://data.eastmoney.com/notices/detail/002686/AN202007201392970302,JWU0JWJhJWJmJWU1JTg4JWE5JWU4JWJlJWJl.html"
,2020-07-21T00:00:00+08:00,0,346.0,2020-07-21T00:00:00+08:00,双林生物:2020年第四次临时股东大会决议公告,AN202007201392970992,"[{'SECURITYVARIETYCODE': '1000002052', 'SECURITYTYPECODE': '058001001', 'SECURITYCODE': '000403', 'SECURITYFULLNAME': '双林生物', 'SECURITYSHORTNAME': '双林生物', 'SECURITYTYPE': 'A股', 'TRADEMARKETCODE': '069001002001', 'TRADEMARKET': '深交所主板', 'LISTINGSTATE': '0', 'COMPANYCODE': '10000676', 'Eid': 0}]","[{'COLUMNCODE': '001002003003', 'COLUMNNAME': '股东大会决议公告', 'NodeName': None, 'Eid': 0, 'Order': 999}]","[{'CODETYPE': '058001001', 'CODEMARKET': '069001002001', 'SECURITYCODE': '000403', 'COMPANYCODE': None, 'Eid': 0}]",2020-07-21T10:02:32+08:00,2.070000083016112e+17,999.0,"http://data.eastmoney.com/notices/detail/000403/AN202007201392970992,JWU1JThmJThjJWU2JTllJTk3JWU3JTk0JTlmJWU3JTg5JWE5.html"
,2020-07-21T00:00:00+08:00,0,262.0,2020-07-21T00:00:00+08:00,ST云网:2020年第一次临时股东大会决议公告,AN202007201392971097,"[{'SECURITYVARIETYCODE': '1000008302', 'SECURITYTYPECODE': '058001001', 'SECURITYCODE': '002306', 'SECURITYFULLNAME': 'ST云网', 'SECURITYSHORTNAME': 'ST云网', 'SECURITYTYPE': 'A股', 'TRADEMARKETCODE': '069001002005', 'TRADEMARKET': '深交所风险警示板', 'LISTINGSTATE': '0', 'COMPANYCODE': '80024432', 'Eid': 0}]","[{'COLUMNCODE': '001002003003', 'COLUMNNAME': '股东大会决议公告', 'NodeName': None, 'Eid': 0, 'Order': 999}]","[{'CODETYPE': '058001001', 'CODEMARKET': '069001002005', 'SECURITYCODE': '002306', 'COMPANYCODE': None, 'Eid': 0}]",2020-07-21T10:02:20+08:00,2.0700000830161178e+17,999.0,"http://data.eastmoney.com/notices/detail/002306/AN202007201392971097,U1QlZTQlYmElOTElZTclYmQlOTE=.html"
,2020-07-21T00:00:00+08:00,0,9565.0,2020-07-21T00:00:00+08:00,金融街:2020年面向专业投资者公开发行公司债券(第一期)信用评级报告,AN202007211393071839,"[{'SECURITYVARIETYCODE': '1000002051', 'SECURITYTYPECODE': '058001001', 'SECURITYCODE': '000402', 'SECURITYFULLNAME': '金融街', 'SECURITYSHORTNAME': '金融街', 'SECURITYTYPE': 'A股', 'TRADEMARKETCODE': '069001002001', 'TRADEMARKET': '深交所主板', 'LISTINGSTATE': '0', 'COMPANYCODE': '10000675', 'Eid': 0}, {'SECURITYVARIETYCODE': '1002312071', 'SECURITYTYPECODE': '060', 'SECURITYCODE': '149174', 'SECURITYFULLNAME': '金融街控股股份有限公司2020年面向专业投资者公开发行公司债券(第一期)', 'SECURITYSHORTNAME': '20金街01', 'SECURITYTYPE': '债券', 'TRADEMARKETCODE': '069001002', 'TRADEMARKET': '深圳证券交易所', 'LISTINGSTATE': '9', 'COMPANYCODE': '10000675', 'Eid': 0}]","[{'COLUMNCODE': '001002008', 'COLUMNNAME': '其他', 'NodeName': None, 'Eid': 0, 'Order': 999}, {'COLUMNCODE': '003009001', 'COLUMNNAME': '信用级别变动', 'NodeName': None, 'Eid': 0, 'Order': 999}]","[{'CODETYPE': '058001001', 'CODEMARKET': '069001002001', 'SECURITYCODE': '000402', 'COMPANYCODE': None, 'Eid': 0}, {'CODETYPE': '060', 'CODEMARKET': '069001002', 'SECURITYCODE': '149174', 'COMPANYCODE': None, 'Eid': 0}, {'CODETYPE': '060', 'CODEMARKET': '069001002', 'SECURITYCODE': '149174', 'COMPANYCODE': None, 'Eid': 0}, {'CODETYPE': '058001001', 'CODEMARKET': '069001002001', 'SECURITYCODE': '000402', 'COMPANYCODE': None, 'Eid': 0}]",2020-07-21T10:00:14+08:00,2.070000083042471e+17,999.0,"http://data.eastmoney.com/notices/detail/000402/AN202007211393071839,JWU5JTg3JTkxJWU4JTllJThkJWU4JWExJTk3.html"
,2020-07-21T00:00:00+08:00,0,1025.0,2020-07-21T00:00:00+08:00,金融街:2020年面向专业投资者公开发行公司债券(第一期)发行公告,AN202007211393071840,"[{'SECURITYVARIETYCODE': '1000002051', 'SECURITYTYPECODE': '058001001', 'SECURITYCODE': '000402', 'SECURITYFULLNAME': '金融街', 'SECURITYSHORTNAME': '金融街', 'SECURITYTYPE': 'A股', 'TRADEMARKETCODE': '069001002001', 'TRADEMARKET': '深交所主板', 'LISTINGSTATE': '0', 'COMPANYCODE': '10000675', 'Eid': 0}, {'SECURITYVARIETYCODE': '1002312071', 'SECURITYTYPECODE': '060', 'SECURITYCODE': '149174', 'SECURITYFULLNAME': '金融街控股股份有限公司2020年面向专业投资者公开发行公司债券(第一期)', 'SECURITYSHORTNAME': '20金街01', 'SECURITYTYPE': '债券', 'TRADEMARKETCODE': '069001002', 'TRADEMARKET': '深圳证券交易所', 'LISTINGSTATE': '9', 'COMPANYCODE': '10000675', 'Eid': 0}]","[{'COLUMNCODE': '001002008', 'COLUMNNAME': '其他', 'NodeName': None, 'Eid': 0, 'Order': 999}, {'COLUMNCODE': '003006002', 'COLUMNNAME': '发行公告', 'NodeName': None, 'Eid': 0, 'Order': 999}]","[{'CODETYPE': '058001001', 'CODEMARKET': '069001002001', 'SECURITYCODE': '000402', 'COMPANYCODE': None, 'Eid': 0}, {'CODETYPE': '058001001', 'CODEMARKET': '069001002001', 'SECURITYCODE': '000402', 'COMPANYCODE': None, 'Eid': 0}, {'CODETYPE': '060', 'CODEMARKET': '069001002', 'SECURITYCODE': '149174', 'COMPANYCODE': None, 'Eid': 0}, {'CODETYPE': '060', 'CODEMARKET': '069001002', 'SECURITYCODE': '149174', 'COMPANYCODE': None, 'Eid': 0}]",2020-07-21T09:59:26+08:00,2.070000083042471e+17,999.0,"http://data.eastmoney.com/notices/detail/000402/AN202007211393071840,JWU5JTg3JTkxJWU4JTllJThkJWU4JWExJTk3.html"
,2020-07-21T00:00:00+08:00,0,124.0,2020-07-21T00:00:00+08:00,深圳能源:关于2020年上半年生产经营情况的自愿性信息披露公告,AN202007201392952171,"[{'SECURITYVARIETYCODE': '1000000200', 'SECURITYTYPECODE': '058001001', 'SECURITYCODE': '000027', 'SECURITYFULLNAME': '深圳能源', 'SECURITYSHORTNAME': '深圳能源', 'SECURITYTYPE': 'A股', 'TRADEMARKETCODE': '069001002001', 'TRADEMARKET': '深交所主板', 'LISTINGSTATE': '0', 'COMPANYCODE': '10000616', 'Eid': 0}]","[{'COLUMNCODE': '001002004013', 'COLUMNNAME': '月度经营情况', 'NodeName': None, 'Eid': 0, 'Order': 239}]","[{'CODETYPE': '058001001', 'CODEMARKET': '069001002001', 'SECURITYCODE': '000027', 'COMPANYCODE': None, 'Eid': 0}]",2020-07-21T09:38:11+08:00,2.0700000830133952e+17,239.0,"http://data.eastmoney.com/notices/detail/000027/AN202007201392952171,JWU2JWI3JWIxJWU1JTljJWIzJWU4JTgzJWJkJWU2JWJhJTkw.html"
,2020-07-21T00:00:00+08:00,0,63.0,2020-07-21T00:00:00+08:00,正元智慧:董事会关于本次交易不构成重组上市的说明,AN202007201392947467,"[{'SECURITYVARIETYCODE': '1000506178', 'SECURITYTYPECODE': '058001001', 'SECURITYCODE': '300645', 'SECURITYFULLNAME': '正元智慧', 'SECURITYSHORTNAME': '正元智慧', 'SECURITYTYPE': 'A股', 'TRADEMARKETCODE': '069001002002', 'TRADEMARKET': '深交所创业板', 'LISTINGSTATE': '0', 'COMPANYCODE': '80439303', 'Eid': 0}]","[{'COLUMNCODE': '001003001001003', 'COLUMNNAME': '专项说明/独立意见', 'NodeName': None, 'Eid': 0, 'Order': 999}]","[{'CODETYPE': '058001001', 'CODEMARKET': '069001002002', 'SECURITYCODE': '300645', 'COMPANYCODE': None, 'Eid': 0}]",2020-07-21T09:29:34+08:00,2.070000083002299e+17,999.0,"http://data.eastmoney.com/notices/detail/300645/AN202007201392947467,JWU2JWFkJWEzJWU1JTg1JTgzJWU2JTk5JWJhJWU2JTg1JWE3.html"
,2020-07-21T00:00:00+08:00,0,195.0,2020-07-21T00:00:00+08:00,601088:中国神华2020年6月份主要运营数据公告,AN202007201392938193,"[{'SECURITYVARIETYCODE': '1000010134', 'SECURITYTYPECODE': '058001001', 'SECURITYCODE': '601088', 'SECURITYFULLNAME': '中国神华', 'SECURITYSHORTNAME': '中国神华', 'SECURITYTYPE': 'A股', 'TRADEMARKETCODE': '069001001001', 'TRADEMARKET': '上交所主板', 'LISTINGSTATE': '0', 'COMPANYCODE': '80021896', 'Eid': 0}, {'SECURITYVARIETYCODE': '1000145363', 'SECURITYTYPECODE': '058001003001', 'SECURITYCODE': '01088', 'SECURITYFULLNAME': '中国神华', 'SECURITYSHORTNAME': '中国神华', 'SECURITYTYPE': 'H股', 'TRADEMARKETCODE': '069002004001', 'TRADEMARKET': '香港交易所主板', 'LISTINGSTATE': '0', 'COMPANYCODE': '80021896', 'Eid': 0}]","[{'COLUMNCODE': '001002004013', 'COLUMNNAME': '月度经营情况', 'NodeName': None, 'Eid': 0, 'Order': 239}]","[{'CODETYPE': '058001001', 'CODEMARKET': '069001001001', 'SECURITYCODE': '601088', 'COMPANYCODE': None, 'Eid': 0}, {'CODETYPE': '058001003001', 'CODEMARKET': '069002004001', 'SECURITYCODE': '01088', 'COMPANYCODE': None, 'Eid': 0}]",2020-07-21T09:28:20+08:00,2.0700000829982803e+17,239.0,"http://data.eastmoney.com/notices/detail/601088/AN202007201392938193,JWU0JWI4JWFkJWU1JTliJWJkJWU3JWE1JTllJWU1JThkJThl.html"
,2020-07-21T00:00:00+08:00,5,1.0,2020-07-21T00:00:00+08:00,关于无锡德林海环保科技股份有限公司人民币普通股股票科创板上市交易的公告,AN202007211393063873,"[{'SECURITYVARIETYCODE': '1001878438', 'SECURITYTYPECODE': '058001001', 'SECURITYCODE': '688069', 'SECURITYFULLNAME': '德林海', 'SECURITYSHORTNAME': '德林海', 'SECURITYTYPE': 'A股', 'TRADEMARKETCODE': '069001001006', 'TRADEMARKET': '上交所科创板', 'LISTINGSTATE': '9', 'COMPANYCODE': '80994723', 'Eid': 0}]","[{'COLUMNCODE': '001002001001008001', 'COLUMNNAME': '首发提示性公告', 'NodeName': None, 'Eid': 0, 'Order': 97}, {'COLUMNCODE': '010002001', 'COLUMNNAME': '上证所上市退市公告', 'NodeName': None, 'Eid': 0, 'Order': 999}]","[{'CODETYPE': '058001001', 'CODEMARKET': '069001001006', 'SECURITYCODE': '688069', 'COMPANYCODE': None, 'Eid': 0}, {'CODETYPE': '058001001', 'CODEMARKET': '069001001006', 'SECURITYCODE': '688069', 'COMPANYCODE': None, 'Eid': 0}]",2020-07-21T09:11:10+08:00,2.070000083041403e+17,97.0,"http://data.eastmoney.com/notices/detail/688069/AN202007211393063873,JWU1JWJlJWI3JWU2JTllJTk3JWU2JWI1JWI3.html"
,2020-07-21T00:00:00+08:00,0,123.0,2020-07-21T00:00:00+08:00,关于安徽大地熊新材料股份有限公司人民币普通股股票科创板上市交易的公告,AN202007211393063876,"[{'SECURITYVARIETYCODE': '1001006359', 'SECURITYTYPECODE': '058001001', 'SECURITYCODE': '688077', 'SECURITYFULLNAME': '大地熊', 'SECURITYSHORTNAME': '大地熊', 'SECURITYTYPE': 'A股', 'TRADEMARKETCODE': '069001001006', 'TRADEMARKET': '上交所科创板', 'LISTINGSTATE': '9', 'COMPANYCODE': '80643034', 'Eid': 0}]","[{'COLUMNCODE': '010002001', 'COLUMNNAME': '上证所上市退市公告', 'NodeName': None, 'Eid': 0, 'Order': 999}, {'COLUMNCODE': '001002001001008001', 'COLUMNNAME': '首发提示性公告', 'NodeName': None, 'Eid': 0, 'Order': 97}]","[{'CODETYPE': '058001001', 'CODEMARKET': '069001001006', 'SECURITYCODE': '688077', 'COMPANYCODE': None, 'Eid': 0}, {'CODETYPE': '058001001', 'CODEMARKET': '069001001006', 'SECURITYCODE': '688077', 'COMPANYCODE': None, 'Eid': 0}]",2020-07-21T09:10:50+08:00,2.070000083041403e+17,97.0,"http://data.eastmoney.com/notices/detail/688077/AN202007211393063876,JWU1JWE0JWE3JWU1JTljJWIwJWU3JTg2JThh.html"
,2020-07-21T00:00:00+08:00,5,1.0,2020-07-21T00:00:00+08:00,关于深圳市力合微电子股份有限公司人民币普通股股票科创板上市交易的公告,AN202007211393063982,"[{'SECURITYVARIETYCODE': '1000576695', 'SECURITYTYPECODE': '058001001', 'SECURITYCODE': '688589', 'SECURITYFULLNAME': '力合微', 'SECURITYSHORTNAME': '力合微', 'SECURITYTYPE': 'A股', 'TRADEMARKETCODE': '069001001006', 'TRADEMARKET': '上交所科创板', 'LISTINGSTATE': '9', 'COMPANYCODE': '80463392', 'Eid': 0}]","[{'COLUMNCODE': '001002001001008001', 'COLUMNNAME': '首发提示性公告', 'NodeName': None, 'Eid': 0, 'Order': 97}, {'COLUMNCODE': '010002001', 'COLUMNNAME': '上证所上市退市公告', 'NodeName': None, 'Eid': 0, 'Order': 999}]","[{'CODETYPE': '058001001', 'CODEMARKET': '069001001006', 'SECURITYCODE': '688589', 'COMPANYCODE': None, 'Eid': 0}, {'CODETYPE': '058001001', 'CODEMARKET': '069001001006', 'SECURITYCODE': '688589', 'COMPANYCODE': None, 'Eid': 0}]",2020-07-21T09:10:10+08:00,2.0700000830414032e+17,97.0,"http://data.eastmoney.com/notices/detail/688589/AN202007211393063982,JWU1JThhJTliJWU1JTkwJTg4JWU1JWJlJWFl.html"
,2020-07-21T00:00:00+08:00,5,1.0,2020-07-21T00:00:00+08:00,关于深圳震有科技股份有限公司人民币普通股股票科创板上市交易的公告,AN202007211393063983,"[{'SECURITYVARIETYCODE': '1001042704', 'SECURITYTYPECODE': '058001001', 'SECURITYCODE': '688418', 'SECURITYFULLNAME': '震有科技', 'SECURITYSHORTNAME': '震有科技', 'SECURITYTYPE': 'A股', 'TRADEMARKETCODE': '069001001006', 'TRADEMARKET': '上交所科创板', 'LISTINGSTATE': '9', 'COMPANYCODE': '80662788', 'Eid': 0}]","[{'COLUMNCODE': '001002001001008001', 'COLUMNNAME': '首发提示性公告', 'NodeName': None, 'Eid': 0, 'Order': 97}, {'COLUMNCODE': '010002001', 'COLUMNNAME': '上证所上市退市公告', 'NodeName': None, 'Eid': 0, 'Order': 999}]","[{'CODETYPE': '058001001', 'CODEMARKET': '069001001006', 'SECURITYCODE': '688418', 'COMPANYCODE': None, 'Eid': 0}, {'CODETYPE': '058001001', 'CODEMARKET': '069001001006', 'SECURITYCODE': '688418', 'COMPANYCODE': None, 'Eid': 0}]",2020-07-21T09:03:07+08:00,2.0700000830414035e+17,97.0,"http://data.eastmoney.com/notices/detail/688418/AN202007211393063983,JWU5JTljJTg3JWU2JTljJTg5JWU3JWE3JTkxJWU2JThhJTgw.html"
,2020-07-21T00:00:00+08:00,5,1.0,2020-07-21T00:00:00+08:00,关于奇安信科技集团股份有限公司人民币普通股股票科创板上市交易的公告,AN202007211393063872,"[{'SECURITYVARIETYCODE': '1002232059', 'SECURITYTYPECODE': '058001001', 'SECURITYCODE': '688561', 'SECURITYFULLNAME': '奇安信', 'SECURITYSHORTNAME': '奇安信', 'SECURITYTYPE': 'A股', 'TRADEMARKETCODE': '069001001006', 'TRADEMARKET': '上交所科创板', 'LISTINGSTATE': '9', 'COMPANYCODE': '80480555', 'Eid': 0}]","[{'COLUMNCODE': '010002001', 'COLUMNNAME': '上证所上市退市公告', 'NodeName': None, 'Eid': 0, 'Order': 999}, {'COLUMNCODE': '001002001001008001', 'COLUMNNAME': '首发提示性公告', 'NodeName': None, 'Eid': 0, 'Order': 97}]","[{'CODETYPE': '058001001', 'CODEMARKET': '069001001006', 'SECURITYCODE': '688561', 'COMPANYCODE': None, 'Eid': 0}, {'CODETYPE': '058001001', 'CODEMARKET': '069001001006', 'SECURITYCODE': '688561', 'COMPANYCODE': None, 'Eid': 0}]",2020-07-21T09:02:19+08:00,2.070000083041403e+17,97.0,"http://data.eastmoney.com/notices/detail/688561/AN202007211393063872,JWU1JWE1JTg3JWU1JWFlJTg5JWU0JWJmJWEx.html"
,2020-07-21T00:00:00+08:00,5,1.0,2020-07-21T00:00:00+08:00,关于三生国健药业(上海)股份有限公司人民币普通股股票科创板上市交易的公告,AN202007211393063875,"[{'SECURITYVARIETYCODE': '1002029707', 'SECURITYTYPECODE': '058001001', 'SECURITYCODE': '688336', 'SECURITYFULLNAME': '三生国健', 'SECURITYSHORTNAME': '三生国健', 'SECURITYTYPE': 'A股', 'TRADEMARKETCODE': '069001001006', 'TRADEMARKET': '上交所科创板', 'LISTINGSTATE': '9', 'COMPANYCODE': '80170442', 'Eid': 0}]","[{'COLUMNCODE': '010002001', 'COLUMNNAME': '上证所上市退市公告', 'NodeName': None, 'Eid': 0, 'Order': 999}, {'COLUMNCODE': '001002001001008001', 'COLUMNNAME': '首发提示性公告', 'NodeName': None, 'Eid': 0, 'Order': 97}]","[{'CODETYPE': '058001001', 'CODEMARKET': '069001001006', 'SECURITYCODE': '688336', 'COMPANYCODE': None, 'Eid': 0}, {'CODETYPE': '058001001', 'CODEMARKET': '069001001006', 'SECURITYCODE': '688336', 'COMPANYCODE': None, 'Eid': 0}]",2020-07-21T09:00:28+08:00,2.0700000830414035e+17,97.0,"http://data.eastmoney.com/notices/detail/688336/AN202007211393063875,JWU0JWI4JTg5JWU3JTk0JTlmJWU1JTliJWJkJWU1JTgxJWE1.html"
,2020-07-21T00:00:00+08:00,5,1.0,2020-07-21T00:00:00+08:00,关于无锡芯朋微电子股份有限公司人民币普通股股票科创板上市交易的公告,AN202007211393063877,"[{'SECURITYVARIETYCODE': '1001117729', 'SECURITYTYPECODE': '058001001', 'SECURITYCODE': '688508', 'SECURITYFULLNAME': '芯朋微', 'SECURITYSHORTNAME': '芯朋微', 'SECURITYTYPE': 'A股', 'TRADEMARKETCODE': '069001001006', 'TRADEMARKET': '上交所科创板', 'LISTINGSTATE': '9', 'COMPANYCODE': '80365473', 'Eid': 0}]","[{'COLUMNCODE': '001002001001008001', 'COLUMNNAME': '首发提示性公告', 'NodeName': None, 'Eid': 0, 'Order': 97}, {'COLUMNCODE': '010002001', 'COLUMNNAME': '上证所上市退市公告', 'NodeName': None, 'Eid': 0, 'Order': 999}]","[{'CODETYPE': '058001001', 'CODEMARKET': '069001001006', 'SECURITYCODE': '688508', 'COMPANYCODE': None, 'Eid': 0}, {'CODETYPE': '058001001', 'CODEMARKET': '069001001006', 'SECURITYCODE': '688508', 'COMPANYCODE': None, 'Eid': 0}]",2020-07-21T08:59:28+08:00,2.070000083041404e+17,97.0,"http://data.eastmoney.com/notices/detail/688508/AN202007211393063877,JWU4JThhJWFmJWU2JTljJThiJWU1JWJlJWFl.html"
,2020-07-21T00:00:00+08:00,0,181.0,2020-07-21T00:00:00+08:00,603322:超讯通信关于控股子公司对外提供担保的公告,AN202007201392950865,"[{'SECURITYVARIETYCODE': '1000327153', 'SECURITYTYPECODE': '058001001', 'SECURITYCODE': '603322', 'SECURITYFULLNAME': '超讯通信', 'SECURITYSHORTNAME': '超讯通信', 'SECURITYTYPE': 'A股', 'TRADEMARKETCODE': '069001001001', 'TRADEMARKET': '上交所主板', 'LISTINGSTATE': '0', 'COMPANYCODE': '80329978', 'Eid': 0}]","[{'COLUMNCODE': '001002008', 'COLUMNNAME': '其他', 'NodeName': None, 'Eid': 0, 'Order': 999}]","[{'CODETYPE': '058001001', 'CODEMARKET': '069001001001', 'SECURITYCODE': '603322', 'COMPANYCODE': None, 'Eid': 0}]",2020-07-21T08:46:32+08:00,2.070000083011388e+17,999.0,"http://data.eastmoney.com/notices/detail/603322/AN202007201392950865,JWU4JWI2JTg1JWU4JWFlJWFmJWU5JTgwJTlhJWU0JWJmJWEx.html"
,2020-07-21T00:00:00+08:00,0,122.0,2020-07-21T00:00:00+08:00,佛燃能源:关于全资子公司对外投资设立控股子公司的公告,AN202007201392967543,"[{'SECURITYVARIETYCODE': '1000010917', 'SECURITYTYPECODE': '058001001', 'SECURITYCODE': '002911', 'SECURITYFULLNAME': '佛燃能源', 'SECURITYSHORTNAME': '佛燃能源', 'SECURITYTYPE': 'A股', 'TRADEMARKETCODE': '069001002003', 'TRADEMARKET': '深交所中小板', 'LISTINGSTATE': '0', 'COMPANYCODE': '80179109', 'Eid': 0}]","[{'COLUMNCODE': '001002008', 'COLUMNNAME': '其他', 'NodeName': None, 'Eid': 0, 'Order': 999}]","[{'CODETYPE': '058001001', 'CODEMARKET': '069001002003', 'SECURITYCODE': '002911', 'COMPANYCODE': None, 'Eid': 0}]",2020-07-21T08:46:16+08:00,2.070000083015629e+17,999.0,"http://data.eastmoney.com/notices/detail/002911/AN202007201392967543,JWU0JWJkJTliJWU3JTg3JTgzJWU4JTgzJWJkJWU2JWJhJTkw.html"
,2020-07-21T00:00:00+08:00,0,242.0,2020-07-21T00:00:00+08:00,中兴商业:关于全资子公司投资设立合资公司暨关联交易的进展公告,AN202007201392961840,"[{'SECURITYVARIETYCODE': '1000009110', 'SECURITYTYPECODE': '058001001', 'SECURITYCODE': '000715', 'SECURITYFULLNAME': '中兴商业', 'SECURITYSHORTNAME': '中兴商业', 'SECURITYTYPE': 'A股', 'TRADEMARKETCODE': '069001002001', 'TRADEMARKET': '深交所主板', 'LISTINGSTATE': '0', 'COMPANYCODE': '10001031', 'Eid': 0}]","[{'COLUMNCODE': '001002008', 'COLUMNNAME': '其他', 'NodeName': None, 'Eid': 0, 'Order': 999}]","[{'CODETYPE': '058001001', 'CODEMARKET': '069001002001', 'SECURITYCODE': '000715', 'COMPANYCODE': None, 'Eid': 0}]",2020-07-21T08:46:08+08:00,2.070000083014801e+17,999.0,"http://data.eastmoney.com/notices/detail/000715/AN202007201392961840,JWU0JWI4JWFkJWU1JTg1JWI0JWU1JTk1JTg2JWU0JWI4JTlh.html"
,2020-07-21T00:00:00+08:00,0,311.0,2020-07-21T00:00:00+08:00,高德红外:关于全资子公司投资设立孙公司的公告,AN202007201392951311,"[{'SECURITYVARIETYCODE': '1000008948', 'SECURITYTYPECODE': '058001001', 'SECURITYCODE': '002414', 'SECURITYFULLNAME': '高德红外', 'SECURITYSHORTNAME': '高德红外', 'SECURITYTYPE': 'A股', 'TRADEMARKETCODE': '069001002003', 'TRADEMARKET': '深交所中小板', 'LISTINGSTATE': '0', 'COMPANYCODE': '80141018', 'Eid': 0}]","[{'COLUMNCODE': '001002008', 'COLUMNNAME': '其他', 'NodeName': None, 'Eid': 0, 'Order': 999}]","[{'CODETYPE': '058001001', 'CODEMARKET': '069001002003', 'SECURITYCODE': '002414', 'COMPANYCODE': None, 'Eid': 0}]",2020-07-21T08:45:52+08:00,2.0700000830122595e+17,999.0,"http://data.eastmoney.com/notices/detail/002414/AN202007201392951311,JWU5JWFiJTk4JWU1JWJlJWI3JWU3JWJhJWEyJWU1JWE0JTk2.html"
,2020-07-21T00:00:00+08:00,0,267.0,2020-07-21T00:00:00+08:00,600233:圆通速递关于全资子公司收购上海圆诺信息科技有限公司100%股权暨关联交易的公告,AN202007201392938204,"[{'SECURITYVARIETYCODE': '1000001803', 'SECURITYTYPECODE': '058001001', 'SECURITYCODE': '600233', 'SECURITYFULLNAME': '圆通速递', 'SECURITYSHORTNAME': '圆通速递', 'SECURITYTYPE': 'A股', 'TRADEMARKETCODE': '069001001001', 'TRADEMARKET': '上交所主板', 'LISTINGSTATE': '0', 'COMPANYCODE': '10000190', 'Eid': 0}]","[{'COLUMNCODE': '001002008', 'COLUMNNAME': '其他', 'NodeName': None, 'Eid': 0, 'Order': 999}]","[{'CODETYPE': '058001001', 'CODEMARKET': '069001001001', 'SECURITYCODE': '600233', 'COMPANYCODE': None, 'Eid': 0}]",2020-07-21T08:45:48+08:00,2.0700000829982803e+17,999.0,"http://data.eastmoney.com/notices/detail/600233/AN202007201392938204,JWU1JTljJTg2JWU5JTgwJTlhJWU5JTgwJTlmJWU5JTgwJTky.html"
,2020-07-21T00:00:00+08:00,0,115.0,2020-07-21T00:00:00+08:00,奥拓电子:关于变更持续督导独立财务顾问主办人的公告,AN202007201392950558,"[{'SECURITYVARIETYCODE': '1000008950', 'SECURITYTYPECODE': '058001001', 'SECURITYCODE': '002587', 'SECURITYFULLNAME': '奥拓电子', 'SECURITYSHORTNAME': '奥拓电子', 'SECURITYTYPE': 'A股', 'TRADEMARKETCODE': '069001002003', 'TRADEMARKET': '深交所中小板', 'LISTINGSTATE': '0', 'COMPANYCODE': '80174266', 'Eid': 0}]","[{'COLUMNCODE': '001002008', 'COLUMNNAME': '其他', 'NodeName': None, 'Eid': 0, 'Order': 999}]","[{'CODETYPE': '058001001', 'CODEMARKET': '069001002003', 'SECURITYCODE': '002587', 'COMPANYCODE': None, 'Eid': 0}]",2020-07-21T08:44:31+08:00,2.070000083010976e+17,999.0,"http://data.eastmoney.com/notices/detail/002587/AN202007201392950558,JWU1JWE1JWE1JWU2JThiJTkzJWU3JTk0JWI1JWU1JWFkJTkw.html"
,2020-07-21T00:00:00+08:00,0,195.0,2020-07-21T00:00:00+08:00,600267:海正药业董事会关于本次交易符合《上市公司重大资产重组管理办法》第十一条及第四十三条规定的说明,AN202007201392950881,"[{'SECURITYVARIETYCODE': '1000001872', 'SECURITYTYPECODE': '058001001', 'SECURITYCODE': '600267', 'SECURITYFULLNAME': '海正药业', 'SECURITYSHORTNAME': '海正药业', 'SECURITYTYPE': 'A股', 'TRADEMARKETCODE': '069001001001', 'TRADEMARKET': '上交所主板', 'LISTINGSTATE': '0', 'COMPANYCODE': '10000218', 'Eid': 0}]","[{'COLUMNCODE': '001003001001003', 'COLUMNNAME': '专项说明/独立意见', 'NodeName': None, 'Eid': 0, 'Order': 999}]","[{'CODETYPE': '058001001', 'CODEMARKET': '069001001001', 'SECURITYCODE': '600267', 'COMPANYCODE': None, 'Eid': 0}]",2020-07-21T08:43:40+08:00,2.0700000830113933e+17,999.0,"http://data.eastmoney.com/notices/detail/600267/AN202007201392950881,JWU2JWI1JWI3JWU2JWFkJWEzJWU4JThkJWFmJWU0JWI4JTlh.html"
,2020-07-21T00:00:00+08:00,0,152.0,2020-07-21T00:00:00+08:00,正元智慧:董事会关于公司股票价格波动未达到《关于规范上市公司信息披露及相关各方行为的通知》第五条相关标准的说明,AN202007201392947464,"[{'SECURITYVARIETYCODE': '1000506178', 'SECURITYTYPECODE': '058001001', 'SECURITYCODE': '300645', 'SECURITYFULLNAME': '正元智慧', 'SECURITYSHORTNAME': '正元智慧', 'SECURITYTYPE': 'A股', 'TRADEMARKETCODE': '069001002002', 'TRADEMARKET': '深交所创业板', 'LISTINGSTATE': '0', 'COMPANYCODE': '80439303', 'Eid': 0}]","[{'COLUMNCODE': '001003001001003', 'COLUMNNAME': '专项说明/独立意见', 'NodeName': None, 'Eid': 0, 'Order': 999}]","[{'CODETYPE': '058001001', 'CODEMARKET': '069001002002', 'SECURITYCODE': '300645', 'COMPANYCODE': None, 'Eid': 0}]",2020-07-21T08:43:32+08:00,2.070000083002299e+17,999.0,"http://data.eastmoney.com/notices/detail/300645/AN202007201392947464,JWU2JWFkJWEzJWU1JTg1JTgzJWU2JTk5JWJhJWU2JTg1JWE3.html"
,2020-07-21T00:00:00+08:00,0,173.0,2020-07-21T00:00:00+08:00,600267:海正药业董事会关于本次交易不构成《上市公司重大资产重组管理办法》第十三条规定的重组上市情形的说明,AN202007201392950906,"[{'SECURITYVARIETYCODE': '1000001872', 'SECURITYTYPECODE': '058001001', 'SECURITYCODE': '600267', 'SECURITYFULLNAME': '海正药业', 'SECURITYSHORTNAME': '海正药业', 'SECURITYTYPE': 'A股', 'TRADEMARKETCODE': '069001001001', 'TRADEMARKET': '上交所主板', 'LISTINGSTATE': '0', 'COMPANYCODE': '10000218', 'Eid': 0}]","[{'COLUMNCODE': '001003001001003', 'COLUMNNAME': '专项说明/独立意见', 'NodeName': None, 'Eid': 0, 'Order': 999}]","[{'CODETYPE': '058001001', 'CODEMARKET': '069001001001', 'SECURITYCODE': '600267', 'COMPANYCODE': None, 'Eid': 0}]",2020-07-21T08:43:32+08:00,2.0700000830113984e+17,999.0,"http://data.eastmoney.com/notices/detail/600267/AN202007201392950906,JWU2JWI1JWI3JWU2JWFkJWEzJWU4JThkJWFmJWU0JWI4JTlh.html"
,2020-07-21T00:00:00+08:00,0,147.0,2020-07-21T00:00:00+08:00,正元智慧:董事会关于本次交易符合《创业板上市公司持续监管办法(试行)》第十八条、第二十一条规定的说明,AN202007201392947465,"[{'SECURITYVARIETYCODE': '1000506178', 'SECURITYTYPECODE': '058001001', 'SECURITYCODE': '300645', 'SECURITYFULLNAME': '正元智慧', 'SECURITYSHORTNAME': '正元智慧', 'SECURITYTYPE': 'A股', 'TRADEMARKETCODE': '069001002002', 'TRADEMARKET': '深交所创业板', 'LISTINGSTATE': '0', 'COMPANYCODE': '80439303', 'Eid': 0}]","[{'COLUMNCODE': '001003001001003', 'COLUMNNAME': '专项说明/独立意见', 'NodeName': None, 'Eid': 0, 'Order': 999}]","[{'CODETYPE': '058001001', 'CODEMARKET': '069001002002', 'SECURITYCODE': '300645', 'COMPANYCODE': None, 'Eid': 0}]",2020-07-21T08:43:07+08:00,2.070000083002299e+17,999.0,"http://data.eastmoney.com/notices/detail/300645/AN202007201392947465,JWU2JWFkJWEzJWU1JTg1JTgzJWU2JTk5JWJhJWU2JTg1JWE3.html"
